project_id,billing_month,hours_logged_logged,client_name_logged,billing_rate_logged,hours_logged_billed,client_name_billed,billing_rate_billed,hours_billed,revenue_logged,revenue_billed,revenue_leakage,month_end,invoice_date,aging_days,aging_bucket
P001,2024-01-01,5159.0,Accenture India,114.0,5159.0,Accenture India,114.0,5159.0,588126.0,588126.0,0.0,2024-01-31,2024-01-31,0,0-30 Days
P001,2024-02-01,4561.0,Accenture India,114.0,4561.0,Accenture India,114.0,4561.0,519954.0,519954.0,0.0,2024-02-29,2024-02-29,0,0-30 Days
P001,2024-03-01,6457.0,Accenture India,114.0,0.0,0,0.0,0.0,736098.0,0.0,736098.0,2024-03-31,2024-03-31,75,60+ Days
P001,2024-04-01,4992.0,Accenture India,114.0,4992.0,Accenture India,114.0,4992.0,569088.0,569088.0,0.0,2024-04-30,2024-04-30,0,0-30 Days
P001,2024-05-01,4299.0,Accenture India,114.0,4299.0,Accenture India,114.0,4299.0,490086.0,490086.0,0.0,2024-05-31,2024-05-31,0,0-30 Days
P001,2024-06-01,4792.0,Accenture India,114.0,0.0,0,0.0,0.0,546288.0,0.0,546288.0,2024-06-30,2024-06-30,45,31-60 Days
P001,2024-07-01,5599.0,Accenture India,114.0,4792.0,Accenture India,114.0,4792.0,638286.0,546288.0,91998.0,2024-07-31,2024-07-31,15,0-30 Days
P001,2024-08-01,4944.0,Accenture India,114.0,4944.0,Accenture India,114.0,4944.0,563616.0,563616.0,0.0,2024-08-31,2024-08-31,0,0-30 Days
P001,2024-09-01,5035.0,Accenture India,114.0,5035.0,Accenture India,114.0,5035.0,573990.0,573990.0,0.0,2024-09-30,2024-09-30,0,0-30 Days
P001,2024-10-01,5008.0,Accenture India,114.0,0.0,0,0.0,0.0,570912.0,0.0,570912.0,2024-10-31,2024-10-31,45,31-60 Days
P001,2024-11-01,5042.0,Accenture India,114.0,5008.0,Accenture India,114.0,5008.0,574788.0,570912.0,3876.0,2024-11-30,2024-11-30,45,31-60 Days
P001,2024-11-01,5042.0,Accenture India,114.0,5042.0,Accenture India,114.0,5042.0,574788.0,574788.0,0.0,2024-11-30,2024-11-30,0,0-30 Days
P001,2024-12-01,6531.0,Accenture India,114.0,6531.0,Accenture India,114.0,6531.0,744534.0,744534.0,0.0,2024-12-31,2024-12-31,0,0-30 Days
P002,2024-01-01,6029.0,Wipro Pvt Ltd,135.0,0.0,0,0.0,0.0,813915.0,0.0,813915.0,2024-01-31,2024-01-31,45,31-60 Days
P002,2024-02-01,5004.0,Wipro Pvt Ltd,135.0,6029.0,Wipro,135.0,6029.0,675540.0,813915.0,-138375.0,2024-02-29,2024-02-29,0,0-30 Days
P002,2024-02-01,5004.0,Wipro Pvt Ltd,135.0,5004.0,Wipro,135.0,5004.0,675540.0,675540.0,0.0,2024-02-29,2024-02-29,0,0-30 Days
P002,2024-03-01,5452.0,Wipro Pvt Ltd,135.0,6457.0,Accenture India,114.0,6457.0,736020.0,871695.0,-135675.0,2024-03-31,2024-03-31,0,0-30 Days
P002,2024-04-01,5151.0,Wipro Pvt Ltd,135.0,5151.0,Wipro,135.0,5151.0,695385.0,695385.0,0.0,2024-04-30,2024-04-30,0,0-30 Days
P002,2024-05-01,4978.0,Wipro Pvt Ltd,135.0,0.0,0,0.0,0.0,672030.0,0.0,672030.0,2024-05-31,2024-05-31,75,60+ Days
P002,2024-06-01,6191.0,Wipro Pvt Ltd,135.0,6191.0,Wipro,135.0,6191.0,835785.0,835785.0,0.0,2024-06-30,2024-06-30,0,0-30 Days
P002,2024-07-01,5232.0,Wipro Pvt Ltd,135.0,5232.0,Wipro,135.0,5232.0,706320.0,706320.0,0.0,2024-07-31,2024-07-31,0,0-30 Days
P002,2024-08-01,5282.0,Wipro Pvt Ltd,135.0,5282.0,Wipro,135.0,5282.0,713070.0,713070.0,0.0,2024-08-31,2024-08-31,0,0-30 Days
P002,2024-09-01,4214.0,Wipro Pvt Ltd,135.0,4214.0,Wipro,135.0,4214.0,568890.0,568890.0,0.0,2024-09-30,2024-09-30,0,0-30 Days
P002,2024-10-01,3790.0,Wipro Pvt Ltd,135.0,0.0,0,0.0,0.0,511650.0,0.0,511650.0,2024-10-31,2024-10-31,15,0-30 Days
P002,2024-11-01,7062.0,Wipro Pvt Ltd,135.0,7062.0,Wipro,135.0,7062.0,953370.0,953370.0,0.0,2024-11-30,2024-11-30,0,0-30 Days
P002,2024-12-01,5683.0,Wipro Pvt Ltd,135.0,5683.0,Wipro,135.0,5683.0,767205.0,767205.0,0.0,2024-12-31,2024-12-31,0,0-30 Days
P003,2024-01-01,5172.0,NTT Data,140.0,5172.0,NTT Ltd,140.0,5172.0,724080.0,724080.0,0.0,2024-01-31,2024-01-31,0,0-30 Days
P003,2024-02-01,3057.0,NTT Data,140.0,0.0,0,0.0,0.0,427980.0,0.0,427980.0,2024-02-29,2024-02-29,75,60+ Days
P003,2024-03-01,6144.0,NTT Data,140.0,3057.0,NTT Ltd,140.0,3057.0,860160.0,427980.0,432180.0,2024-03-31,2024-03-31,75,60+ Days
P003,2024-04-01,6453.0,NTT Data,140.0,6453.0,NTT Ltd,140.0,6453.0,903420.0,903420.0,0.0,2024-04-30,2024-04-30,0,0-30 Days
P003,2024-05-01,5978.0,NTT Data,140.0,5978.0,NTT Ltd,140.0,5978.0,836920.0,836920.0,0.0,2024-05-31,2024-05-31,0,0-30 Days
P003,2024-06-01,4875.0,NTT Data,140.0,4875.0,NTT Ltd,140.0,4875.0,682500.0,682500.0,0.0,2024-06-30,2024-06-30,0,0-30 Days
P003,2024-07-01,5052.0,NTT Data,140.0,5052.0,NTT Ltd,140.0,5052.0,707280.0,707280.0,0.0,2024-07-31,2024-07-31,0,0-30 Days
P003,2024-07-01,5052.0,NTT Data,140.0,5466.0,Wipro,110.0,5466.0,707280.0,765240.0,-57960.0,2024-07-31,2024-07-31,0,0-30 Days
P003,2024-08-01,3613.0,NTT Data,140.0,3613.0,NTT Ltd,140.0,3613.0,505820.0,505820.0,0.0,2024-08-31,2024-08-31,0,0-30 Days
P003,2024-09-01,4817.0,NTT Data,140.0,4817.0,NTT Ltd,140.0,4817.0,674380.0,674380.0,0.0,2024-09-30,2024-09-30,0,0-30 Days
P003,2024-10-01,7153.0,NTT Data,140.0,7153.0,NTT Ltd,140.0,7153.0,1001420.0,1001420.0,0.0,2024-10-31,2024-10-31,0,0-30 Days
P003,2024-11-01,5212.0,NTT Data,140.0,5212.0,NTT Ltd,140.0,5212.0,729680.0,729680.0,0.0,2024-11-30,2024-11-30,0,0-30 Days
P003,2024-12-01,5374.0,NTT Data,140.0,5374.0,NTT Ltd,140.0,5374.0,752360.0,752360.0,0.0,2024-12-31,2024-12-31,0,0-30 Days
P004,2024-01-01,6782.0,Wipro Pvt Ltd,141.0,6782.0,Wipro,141.0,6782.0,956262.0,956262.0,0.0,2024-01-31,2024-01-31,0,0-30 Days
P004,2024-02-01,5893.0,Wipro Pvt Ltd,141.0,0.0,0,0.0,0.0,830913.0,0.0,830913.0,2024-02-29,2024-02-29,15,0-30 Days
P004,2024-03-01,5146.0,Wipro Pvt Ltd,141.0,5146.0,Wipro,141.0,5146.0,725586.0,725586.0,0.0,2024-03-31,2024-03-31,0,0-30 Days
P004,2024-04-01,5540.0,Wipro Pvt Ltd,141.0,5452.0,Wipro,135.0,5452.0,781140.0,768732.0,12408.0,2024-04-30,2024-04-30,15,0-30 Days
P004,2024-04-01,5540.0,Wipro Pvt Ltd,141.0,5540.0,Wipro,141.0,5540.0,781140.0,781140.0,0.0,2024-04-30,2024-04-30,0,0-30 Days
P004,2024-05-01,6636.0,Wipro Pvt Ltd,141.0,6636.0,Wipro,141.0,6636.0,935676.0,935676.0,0.0,2024-05-31,2024-05-31,0,0-30 Days
P004,2024-06-01,3655.0,Wipro Pvt Ltd,141.0,3655.0,Wipro,141.0,3655.0,515355.0,515355.0,0.0,2024-06-30,2024-06-30,0,0-30 Days
P004,2024-07-01,6104.0,Wipro Pvt Ltd,141.0,0.0,0,0.0,0.0,860664.0,0.0,860664.0,2024-07-31,2024-07-31,45,31-60 Days
P004,2024-08-01,4243.0,Wipro Pvt Ltd,141.0,6104.0,Wipro,141.0,6104.0,598263.0,860664.0,-262401.0,2024-08-31,2024-08-31,0,0-30 Days
P004,2024-08-01,4243.0,Wipro Pvt Ltd,141.0,4243.0,Wipro,141.0,4243.0,598263.0,598263.0,0.0,2024-08-31,2024-08-31,0,0-30 Days
P004,2024-09-01,6283.0,Wipro Pvt Ltd,141.0,6283.0,Wipro,141.0,6283.0,885903.0,885903.0,0.0,2024-09-30,2024-09-30,0,0-30 Days
P004,2024-10-01,4567.0,Wipro Pvt Ltd,141.0,4567.0,Wipro,141.0,4567.0,643947.0,643947.0,0.0,2024-10-31,2024-10-31,0,0-30 Days
P004,2024-11-01,4555.0,Wipro Pvt Ltd,141.0,4555.0,Wipro,141.0,4555.0,642255.0,642255.0,0.0,2024-11-30,2024-11-30,0,0-30 Days
P004,2024-12-01,3184.0,Wipro Pvt Ltd,141.0,0.0,0,0.0,0.0,448944.0,0.0,448944.0,2024-12-31,2024-12-31,15,0-30 Days
P004,2025-01-01,0.0,0,0.0,3184.0,Wipro,141.0,3184.0,0.0,0.0,0.0,2025-01-31,2025-01-31,0,0-30 Days
P005,2024-01-01,5320.0,Infosys Ltd,92.0,5320.0,Infosys,92.0,5320.0,489440.0,489440.0,0.0,2024-01-31,2024-01-31,0,0-30 Days
P005,2024-02-01,4964.0,Infosys Ltd,92.0,4964.0,Infosys,92.0,4964.0,456688.0,456688.0,0.0,2024-02-29,2024-02-29,0,0-30 Days
P005,2024-03-01,4365.0,Infosys Ltd,92.0,4365.0,Infosys,92.0,4365.0,401580.0,401580.0,0.0,2024-03-31,2024-03-31,0,0-30 Days
P005,2024-03-01,4365.0,Infosys Ltd,92.0,5745.0,Accenture India,128.0,5745.0,401580.0,528540.0,-126960.0,2024-03-31,2024-03-31,0,0-30 Days
P005,2024-04-01,5808.0,Infosys Ltd,92.0,0.0,0,0.0,0.0,534336.0,0.0,534336.0,2024-04-30,2024-04-30,45,31-60 Days
P005,2024-05-01,5533.0,Infosys Ltd,92.0,5533.0,Infosys,92.0,5533.0,509036.0,509036.0,0.0,2024-05-31,2024-05-31,0,0-30 Days
P005,2024-06-01,3656.0,Infosys Ltd,92.0,3656.0,Infosys,92.0,3656.0,336352.0,336352.0,0.0,2024-06-30,2024-06-30,0,0-30 Days
P005,2024-07-01,7465.0,Infosys Ltd,92.0,7465.0,Infosys,92.0,7465.0,686780.0,686780.0,0.0,2024-07-31,2024-07-31,0,0-30 Days
P005,2024-08-01,5977.0,Infosys Ltd,92.0,5977.0,Infosys,92.0,5977.0,549884.0,549884.0,0.0,2024-08-31,2024-08-31,0,0-30 Days
P005,2024-09-01,4445.0,Infosys Ltd,92.0,4445.0,Infosys,92.0,4445.0,408940.0,408940.0,0.0,2024-09-30,2024-09-30,0,0-30 Days
P005,2024-10-01,5217.0,Infosys Ltd,92.0,5217.0,Infosys,92.0,5217.0,479964.0,479964.0,0.0,2024-10-31,2024-10-31,0,0-30 Days
P005,2024-11-01,4110.0,Infosys Ltd,92.0,4110.0,Infosys,92.0,4110.0,378120.0,378120.0,0.0,2024-11-30,2024-11-30,0,0-30 Days
P005,2024-12-01,5502.0,Infosys Ltd,92.0,5502.0,Infosys,92.0,5502.0,506184.0,506184.0,0.0,2024-12-31,2024-12-31,0,0-30 Days
P005,2024-12-01,5502.0,Infosys Ltd,92.0,4045.0,NTT Ltd,106.0,4045.0,506184.0,372140.0,134044.0,2024-12-31,2024-12-31,15,0-30 Days
P006,2024-01-01,4434.0,NTT Data,126.0,0.0,0,0.0,0.0,558684.0,0.0,558684.0,2024-01-31,2024-01-31,15,0-30 Days
P006,2024-02-01,4391.0,NTT Data,126.0,0.0,0,0.0,0.0,553266.0,0.0,553266.0,2024-02-29,2024-02-29,45,31-60 Days
P006,2024-03-01,5775.0,NTT Data,126.0,4391.0,NTT Ltd,126.0,4391.0,727650.0,553266.0,174384.0,2024-03-31,2024-03-31,45,31-60 Days
P006,2024-04-01,2791.0,NTT Data,126.0,2791.0,NTT Ltd,126.0,2791.0,351666.0,351666.0,0.0,2024-04-30,2024-04-30,0,0-30 Days
P006,2024-05-01,5335.0,NTT Data,126.0,5335.0,NTT Ltd,126.0,5335.0,672210.0,672210.0,0.0,2024-05-31,2024-05-31,0,0-30 Days
P006,2024-06-01,4465.0,NTT Data,126.0,4465.0,NTT Ltd,126.0,4465.0,562590.0,562590.0,0.0,2024-06-30,2024-06-30,0,0-30 Days
P006,2024-07-01,4936.0,NTT Data,126.0,0.0,0,0.0,0.0,621936.0,0.0,621936.0,2024-07-31,2024-07-31,15,0-30 Days
P006,2024-08-01,5053.0,NTT Data,126.0,4936.0,NTT Ltd,126.0,4936.0,636678.0,621936.0,14742.0,2024-08-31,2024-08-31,75,60+ Days
P006,2024-08-01,5053.0,NTT Data,126.0,5053.0,NTT Ltd,126.0,5053.0,636678.0,636678.0,0.0,2024-08-31,2024-08-31,0,0-30 Days
P006,2024-09-01,3748.0,NTT Data,126.0,3748.0,NTT Ltd,126.0,3748.0,472248.0,472248.0,0.0,2024-09-30,2024-09-30,0,0-30 Days
P006,2024-10-01,7136.0,NTT Data,126.0,0.0,0,0.0,0.0,899136.0,0.0,899136.0,2024-10-31,2024-10-31,45,31-60 Days
P006,2024-11-01,3697.0,NTT Data,126.0,3697.0,NTT Ltd,126.0,3697.0,465822.0,465822.0,0.0,2024-11-30,2024-11-30,0,0-30 Days
P006,2024-12-01,5490.0,NTT Data,126.0,5490.0,NTT Ltd,126.0,5490.0,691740.0,691740.0,0.0,2024-12-31,2024-12-31,0,0-30 Days
P007,2024-01-01,4623.0,Accenture India,128.0,4623.0,Accenture India,128.0,4623.0,591744.0,591744.0,0.0,2024-01-31,2024-01-31,0,0-30 Days
P007,2024-02-01,6361.0,Accenture India,128.0,6361.0,Accenture India,128.0,6361.0,814208.0,814208.0,0.0,2024-02-29,2024-02-29,0,0-30 Days
P007,2024-03-01,5745.0,Accenture India,128.0,0.0,0,0.0,0.0,735360.0,0.0,735360.0,2024-03-31,2024-03-31,45,31-60 Days
P007,2024-04-01,3660.0,Accenture India,128.0,0.0,0,0.0,0.0,468480.0,0.0,468480.0,2024-04-30,2024-04-30,45,31-60 Days
P007,2024-05-01,4290.0,Accenture India,128.0,3660.0,Accenture India,128.0,3660.0,549120.0,468480.0,80640.0,2024-05-31,2024-05-31,75,60+ Days
P007,2024-05-01,4290.0,Accenture India,128.0,4290.0,Accenture India,128.0,4290.0,549120.0,549120.0,0.0,2024-05-31,2024-05-31,0,0-30 Days
P007,2024-05-01,4290.0,Accenture India,128.0,5918.0,Infosys,90.0,5918.0,549120.0,757504.0,-208384.0,2024-05-31,2024-05-31,0,0-30 Days
P007,2024-06-01,6379.0,Accenture India,128.0,0.0,0,0.0,0.0,816512.0,0.0,816512.0,2024-06-30,2024-06-30,45,31-60 Days
P007,2024-07-01,4201.0,Accenture India,128.0,6379.0,Accenture India,128.0,6379.0,537728.0,816512.0,-278784.0,2024-07-31,2024-07-31,0,0-30 Days
P007,2024-07-01,4201.0,Accenture India,128.0,4201.0,Accenture India,128.0,4201.0,537728.0,537728.0,0.0,2024-07-31,2024-07-31,0,0-30 Days
P007,2024-08-01,6289.0,Accenture India,128.0,0.0,0,0.0,0.0,804992.0,0.0,804992.0,2024-08-31,2024-08-31,75,60+ Days
P007,2024-09-01,5648.0,Accenture India,128.0,5648.0,Accenture India,128.0,5648.0,722944.0,722944.0,0.0,2024-09-30,2024-09-30,0,0-30 Days
P007,2024-10-01,3709.0,Accenture India,128.0,3709.0,Accenture India,128.0,3709.0,474752.0,474752.0,0.0,2024-10-31,2024-10-31,0,0-30 Days
P007,2024-10-01,3709.0,Accenture India,128.0,4861.0,NTT Ltd,97.0,4861.0,474752.0,622208.0,-147456.0,2024-10-31,2024-10-31,0,0-30 Days
P007,2024-11-01,5884.0,Accenture India,128.0,5884.0,Accenture India,128.0,5884.0,753152.0,753152.0,0.0,2024-11-30,2024-11-30,0,0-30 Days
P007,2024-11-01,5884.0,Accenture India,128.0,4278.0,Wipro,95.0,4278.0,753152.0,547584.0,205568.0,2024-11-30,2024-11-30,75,60+ Days
P007,2024-12-01,5020.0,Accenture India,128.0,5020.0,Accenture India,128.0,5020.0,642560.0,642560.0,0.0,2024-12-31,2024-12-31,0,0-30 Days
P008,2024-01-01,5383.0,NTT Data,106.0,5383.0,NTT Ltd,106.0,5383.0,570598.0,570598.0,0.0,2024-01-31,2024-01-31,0,0-30 Days
P008,2024-02-01,3773.0,NTT Data,106.0,3773.0,NTT Ltd,106.0,3773.0,399938.0,399938.0,0.0,2024-02-29,2024-02-29,0,0-30 Days
P008,2024-03-01,3786.0,NTT Data,106.0,3786.0,NTT Ltd,106.0,3786.0,401316.0,401316.0,0.0,2024-03-31,2024-03-31,0,0-30 Days
P008,2024-04-01,5961.0,NTT Data,106.0,5961.0,NTT Ltd,106.0,5961.0,631866.0,631866.0,0.0,2024-04-30,2024-04-30,0,0-30 Days
P008,2024-05-01,5000.0,NTT Data,106.0,5000.0,NTT Ltd,106.0,5000.0,530000.0,530000.0,0.0,2024-05-31,2024-05-31,0,0-30 Days
P008,2024-06-01,5646.0,NTT Data,106.0,0.0,0,0.0,0.0,598476.0,0.0,598476.0,2024-06-30,2024-06-30,15,0-30 Days
P008,2024-07-01,4535.0,NTT Data,106.0,5646.0,NTT Ltd,106.0,5646.0,480710.0,598476.0,-117766.0,2024-07-31,2024-07-31,0,0-30 Days
P008,2024-08-01,4621.0,NTT Data,106.0,4535.0,NTT Ltd,106.0,4535.0,489826.0,480710.0,9116.0,2024-08-31,2024-08-31,75,60+ Days
P008,2024-08-01,4621.0,NTT Data,106.0,4621.0,NTT Ltd,106.0,4621.0,489826.0,489826.0,0.0,2024-08-31,2024-08-31,0,0-30 Days
P008,2024-09-01,3864.0,NTT Data,106.0,0.0,0,0.0,0.0,409584.0,0.0,409584.0,2024-09-30,2024-09-30,75,60+ Days
P008,2024-10-01,3557.0,NTT Data,106.0,3864.0,NTT Ltd,106.0,3864.0,377042.0,409584.0,-32542.0,2024-10-31,2024-10-31,0,0-30 Days
P008,2024-10-01,3557.0,NTT Data,106.0,3557.0,NTT Ltd,106.0,3557.0,377042.0,377042.0,0.0,2024-10-31,2024-10-31,0,0-30 Days
P008,2024-11-01,4862.0,NTT Data,106.0,0.0,0,0.0,0.0,515372.0,0.0,515372.0,2024-11-30,2024-11-30,15,0-30 Days
P008,2024-12-01,4045.0,NTT Data,106.0,4862.0,NTT Ltd,106.0,4862.0,428770.0,515372.0,-86602.0,2024-12-31,2024-12-31,0,0-30 Days
P009,2024-01-01,5330.0,Wipro Pvt Ltd,95.0,0.0,0,0.0,0.0,506350.0,0.0,506350.0,2024-01-31,2024-01-31,15,0-30 Days
P009,2024-02-01,5261.0,Wipro Pvt Ltd,95.0,5330.0,Wipro,95.0,5330.0,499795.0,506350.0,-6555.0,2024-02-29,2024-02-29,0,0-30 Days
P009,2024-02-01,5261.0,Wipro Pvt Ltd,95.0,5261.0,Wipro,95.0,5261.0,499795.0,499795.0,0.0,2024-02-29,2024-02-29,0,0-30 Days
P009,2024-03-01,5957.0,Wipro Pvt Ltd,95.0,0.0,0,0.0,0.0,565915.0,0.0,565915.0,2024-03-31,2024-03-31,75,60+ Days
P009,2024-04-01,4337.0,Wipro Pvt Ltd,95.0,5957.0,Wipro,95.0,5957.0,412015.0,565915.0,-153900.0,2024-04-30,2024-04-30,0,0-30 Days
P009,2024-04-01,4337.0,Wipro Pvt Ltd,95.0,4337.0,Wipro,95.0,4337.0,412015.0,412015.0,0.0,2024-04-30,2024-04-30,0,0-30 Days
P009,2024-05-01,5346.0,Wipro Pvt Ltd,95.0,0.0,0,0.0,0.0,507870.0,0.0,507870.0,2024-05-31,2024-05-31,45,31-60 Days
P009,2024-06-01,4738.0,Wipro Pvt Ltd,95.0,4738.0,Wipro,95.0,4738.0,450110.0,450110.0,0.0,2024-06-30,2024-06-30,0,0-30 Days
P009,2024-07-01,4824.0,Wipro Pvt Ltd,95.0,4824.0,Wipro,95.0,4824.0,458280.0,458280.0,0.0,2024-07-31,2024-07-31,0,0-30 Days
P009,2024-08-01,5955.0,Wipro Pvt Ltd,95.0,5955.0,Wipro,95.0,5955.0,565725.0,565725.0,0.0,2024-08-31,2024-08-31,0,0-30 Days
P009,2024-09-01,4603.0,Wipro Pvt Ltd,95.0,4603.0,Wipro,95.0,4603.0,437285.0,437285.0,0.0,2024-09-30,2024-09-30,0,0-30 Days
P009,2024-10-01,4278.0,Wipro Pvt Ltd,95.0,0.0,0,0.0,0.0,406410.0,0.0,406410.0,2024-10-31,2024-10-31,75,60+ Days
P009,2024-11-01,4293.0,Wipro Pvt Ltd,95.0,4293.0,Wipro,95.0,4293.0,407835.0,407835.0,0.0,2024-11-30,2024-11-30,0,0-30 Days
P009,2024-12-01,4117.0,Wipro Pvt Ltd,95.0,4117.0,Wipro,95.0,4117.0,391115.0,391115.0,0.0,2024-12-31,2024-12-31,0,0-30 Days
P010,2024-01-01,6015.0,Accenture India,159.0,6015.0,Accenture India,159.0,6015.0,956385.0,956385.0,0.0,2024-01-31,2024-01-31,0,0-30 Days
P010,2024-02-01,5469.0,Accenture India,159.0,5469.0,Accenture India,159.0,5469.0,869571.0,869571.0,0.0,2024-02-29,2024-02-29,0,0-30 Days
P010,2024-03-01,4273.0,Accenture India,159.0,4273.0,Accenture India,159.0,4273.0,679407.0,679407.0,0.0,2024-03-31,2024-03-31,0,0-30 Days
P010,2024-04-01,5442.0,Accenture India,159.0,5442.0,Accenture India,159.0,5442.0,865278.0,865278.0,0.0,2024-04-30,2024-04-30,0,0-30 Days
P010,2024-05-01,6779.0,Accenture India,159.0,6779.0,Accenture India,159.0,6779.0,1077861.0,1077861.0,0.0,2024-05-31,2024-05-31,0,0-30 Days
P010,2024-06-01,6313.0,Accenture India,159.0,6313.0,Accenture India,159.0,6313.0,1003767.0,1003767.0,0.0,2024-06-30,2024-06-30,0,0-30 Days
P010,2024-07-01,3991.0,Accenture India,159.0,3991.0,Accenture India,159.0,3991.0,634569.0,634569.0,0.0,2024-07-31,2024-07-31,0,0-30 Days
P010,2024-08-01,6369.0,Accenture India,159.0,6369.0,Accenture India,159.0,6369.0,1012671.0,1012671.0,0.0,2024-08-31,2024-08-31,0,0-30 Days
P010,2024-09-01,5971.0,Accenture India,159.0,5971.0,Accenture India,159.0,5971.0,949389.0,949389.0,0.0,2024-09-30,2024-09-30,0,0-30 Days
P010,2024-10-01,4300.0,Accenture India,159.0,0.0,0,0.0,0.0,683700.0,0.0,683700.0,2024-10-31,2024-10-31,15,0-30 Days
P010,2024-11-01,6078.0,Accenture India,159.0,6078.0,Accenture India,159.0,6078.0,966402.0,966402.0,0.0,2024-11-30,2024-11-30,0,0-30 Days
P010,2024-12-01,5677.0,Accenture India,159.0,0.0,0,0.0,0.0,902643.0,0.0,902643.0,2024-12-31,2024-12-31,15,0-30 Days
P010,2025-01-01,0.0,0,0.0,5677.0,Accenture India,159.0,5677.0,0.0,0.0,0.0,2025-01-31,2025-01-31,0,0-30 Days
P011,2024-01-01,7006.0,Infosys Ltd,114.0,7006.0,Infosys,114.0,7006.0,798684.0,798684.0,0.0,2024-01-31,2024-01-31,0,0-30 Days
P011,2024-02-01,4765.0,Infosys Ltd,114.0,4765.0,Infosys,114.0,4765.0,543210.0,543210.0,0.0,2024-02-29,2024-02-29,0,0-30 Days
P011,2024-03-01,6437.0,Infosys Ltd,114.0,0.0,0,0.0,0.0,733818.0,0.0,733818.0,2024-03-31,2024-03-31,75,60+ Days
P011,2024-04-01,5101.0,Infosys Ltd,114.0,6437.0,Infosys,114.0,6437.0,581514.0,733818.0,-152304.0,2024-04-30,2024-04-30,0,0-30 Days
P011,2024-04-01,5101.0,Infosys Ltd,114.0,5101.0,Infosys,114.0,5101.0,581514.0,581514.0,0.0,2024-04-30,2024-04-30,0,0-30 Days
P011,2024-05-01,5324.0,Infosys Ltd,114.0,5324.0,Infosys,114.0,5324.0,606936.0,606936.0,0.0,2024-05-31,2024-05-31,0,0-30 Days
P011,2024-06-01,4093.0,Infosys Ltd,114.0,4093.0,Infosys,114.0,4093.0,466602.0,466602.0,0.0,2024-06-30,2024-06-30,0,0-30 Days
P011,2024-07-01,4699.0,Infosys Ltd,114.0,4699.0,Infosys,114.0,4699.0,535686.0,535686.0,0.0,2024-07-31,2024-07-31,0,0-30 Days
P011,2024-08-01,6602.0,Infosys Ltd,114.0,6602.0,Infosys,114.0,6602.0,752628.0,752628.0,0.0,2024-08-31,2024-08-31,0,0-30 Days
P011,2024-09-01,5967.0,Infosys Ltd,114.0,5967.0,Infosys,114.0,5967.0,680238.0,680238.0,0.0,2024-09-30,2024-09-30,0,0-30 Days
P011,2024-10-01,4531.0,Infosys Ltd,114.0,0.0,0,0.0,0.0,516534.0,0.0,516534.0,2024-10-31,2024-10-31,75,60+ Days
P011,2024-11-01,4717.0,Infosys Ltd,114.0,4531.0,Infosys,114.0,4531.0,537738.0,516534.0,21204.0,2024-11-30,2024-11-30,75,60+ Days
P011,2024-11-01,4717.0,Infosys Ltd,114.0,4717.0,Infosys,114.0,4717.0,537738.0,537738.0,0.0,2024-11-30,2024-11-30,0,0-30 Days
P011,2024-12-01,2870.0,Infosys Ltd,114.0,2870.0,Infosys,114.0,2870.0,327180.0,327180.0,0.0,2024-12-31,2024-12-31,0,0-30 Days
P012,2024-01-01,5200.0,NTT Data,128.0,0.0,0,0.0,0.0,665600.0,0.0,665600.0,2024-01-31,2024-01-31,15,0-30 Days
P012,2024-02-01,5003.0,NTT Data,128.0,5200.0,NTT Ltd,128.0,5200.0,640384.0,665600.0,-25216.0,2024-02-29,2024-02-29,0,0-30 Days
P012,2024-02-01,5003.0,NTT Data,128.0,5003.0,NTT Ltd,128.0,5003.0,640384.0,640384.0,0.0,2024-02-29,2024-02-29,0,0-30 Days
P012,2024-03-01,6730.0,NTT Data,128.0,6730.0,NTT Ltd,128.0,6730.0,861440.0,861440.0,0.0,2024-03-31,2024-03-31,0,0-30 Days
P012,2024-04-01,4396.0,NTT Data,128.0,4396.0,NTT Ltd,128.0,4396.0,562688.0,562688.0,0.0,2024-04-30,2024-04-30,0,0-30 Days
P012,2024-05-01,5251.0,NTT Data,128.0,5251.0,NTT Ltd,128.0,5251.0,672128.0,672128.0,0.0,2024-05-31,2024-05-31,0,0-30 Days
P012,2024-06-01,3819.0,NTT Data,128.0,3819.0,NTT Ltd,128.0,3819.0,488832.0,488832.0,0.0,2024-06-30,2024-06-30,0,0-30 Days
P012,2024-07-01,5135.0,NTT Data,128.0,0.0,0,0.0,0.0,657280.0,0.0,657280.0,2024-07-31,2024-07-31,15,0-30 Days
P012,2024-08-01,6027.0,NTT Data,128.0,5135.0,NTT Ltd,128.0,5135.0,771456.0,657280.0,114176.0,2024-08-31,2024-08-31,75,60+ Days
P012,2024-08-01,6027.0,NTT Data,128.0,6027.0,NTT Ltd,128.0,6027.0,771456.0,771456.0,0.0,2024-08-31,2024-08-31,0,0-30 Days
P012,2024-09-01,5728.0,NTT Data,128.0,5728.0,NTT Ltd,128.0,5728.0,733184.0,733184.0,0.0,2024-09-30,2024-09-30,0,0-30 Days
P012,2024-10-01,6266.0,NTT Data,128.0,0.0,0,0.0,0.0,802048.0,0.0,802048.0,2024-10-31,2024-10-31,45,31-60 Days
P012,2024-11-01,5496.0,NTT Data,128.0,5496.0,NTT Ltd,128.0,5496.0,703488.0,703488.0,0.0,2024-11-30,2024-11-30,0,0-30 Days
P012,2024-12-01,5873.0,NTT Data,128.0,5873.0,NTT Ltd,128.0,5873.0,751744.0,751744.0,0.0,2024-12-31,2024-12-31,0,0-30 Days
P013,2024-01-01,4805.0,Accenture India,151.0,4805.0,Accenture India,151.0,4805.0,725555.0,725555.0,0.0,2024-01-31,2024-01-31,0,0-30 Days
P013,2024-01-01,4805.0,Accenture India,151.0,3863.0,Infosys,90.0,3863.0,725555.0,583313.0,142242.0,2024-01-31,2024-01-31,45,31-60 Days
P013,2024-02-01,5805.0,Accenture India,151.0,5805.0,Accenture India,151.0,5805.0,876555.0,876555.0,0.0,2024-02-29,2024-02-29,0,0-30 Days
P013,2024-03-01,4370.0,Accenture India,151.0,4370.0,Accenture India,151.0,4370.0,659870.0,659870.0,0.0,2024-03-31,2024-03-31,0,0-30 Days
P013,2024-04-01,5063.0,Accenture India,151.0,6144.0,NTT Ltd,140.0,6144.0,764513.0,927744.0,-163231.0,2024-04-30,2024-04-30,0,0-30 Days
P013,2024-04-01,5063.0,Accenture India,151.0,5063.0,Accenture India,151.0,5063.0,764513.0,764513.0,0.0,2024-04-30,2024-04-30,0,0-30 Days
P013,2024-05-01,5837.0,Accenture India,151.0,5837.0,Accenture India,151.0,5837.0,881387.0,881387.0,0.0,2024-05-31,2024-05-31,0,0-30 Days
P013,2024-06-01,5808.0,Accenture India,151.0,5808.0,Accenture India,151.0,5808.0,877008.0,877008.0,0.0,2024-06-30,2024-06-30,0,0-30 Days
P013,2024-07-01,4091.0,Accenture India,151.0,4091.0,Accenture India,151.0,4091.0,617741.0,617741.0,0.0,2024-07-31,2024-07-31,0,0-30 Days
P013,2024-08-01,7236.0,Accenture India,151.0,7236.0,Accenture India,151.0,7236.0,1092636.0,1092636.0,0.0,2024-08-31,2024-08-31,0,0-30 Days
P013,2024-09-01,5752.0,Accenture India,151.0,5752.0,Accenture India,151.0,5752.0,868552.0,868552.0,0.0,2024-09-30,2024-09-30,0,0-30 Days
P013,2024-10-01,5108.0,Accenture India,151.0,3790.0,Wipro,135.0,3790.0,771308.0,572290.0,199018.0,2024-10-31,2024-10-31,45,31-60 Days
P013,2024-10-01,5108.0,Accenture India,151.0,5108.0,Accenture India,151.0,5108.0,771308.0,771308.0,0.0,2024-10-31,2024-10-31,0,0-30 Days
P013,2024-11-01,6168.0,Accenture India,151.0,6168.0,Accenture India,151.0,6168.0,931368.0,931368.0,0.0,2024-11-30,2024-11-30,0,0-30 Days
P013,2024-12-01,5626.0,Accenture India,151.0,5626.0,Accenture India,151.0,5626.0,849526.0,849526.0,0.0,2024-12-31,2024-12-31,0,0-30 Days
P014,2024-01-01,5078.0,NTT Data,97.0,5078.0,NTT Ltd,97.0,5078.0,492566.0,492566.0,0.0,2024-01-31,2024-01-31,0,0-30 Days
P014,2024-02-01,6615.0,NTT Data,97.0,0.0,0,0.0,0.0,641655.0,0.0,641655.0,2024-02-29,2024-02-29,15,0-30 Days
P014,2024-03-01,5713.0,NTT Data,97.0,5713.0,NTT Ltd,97.0,5713.0,554161.0,554161.0,0.0,2024-03-31,2024-03-31,0,0-30 Days
P014,2024-04-01,5585.0,NTT Data,97.0,5585.0,NTT Ltd,97.0,5585.0,541745.0,541745.0,0.0,2024-04-30,2024-04-30,0,0-30 Days
P014,2024-05-01,6932.0,NTT Data,97.0,0.0,0,0.0,0.0,672404.0,0.0,672404.0,2024-05-31,2024-05-31,15,0-30 Days
P014,2024-06-01,4820.0,NTT Data,97.0,0.0,0,0.0,0.0,467540.0,0.0,467540.0,2024-06-30,2024-06-30,15,0-30 Days
P014,2024-07-01,6504.0,NTT Data,97.0,6504.0,NTT Ltd,97.0,6504.0,630888.0,630888.0,0.0,2024-07-31,2024-07-31,0,0-30 Days
P014,2024-08-01,4749.0,NTT Data,97.0,4749.0,NTT Ltd,97.0,4749.0,460653.0,460653.0,0.0,2024-08-31,2024-08-31,0,0-30 Days
P014,2024-09-01,6448.0,NTT Data,97.0,6448.0,NTT Ltd,97.0,6448.0,625456.0,625456.0,0.0,2024-09-30,2024-09-30,0,0-30 Days
P014,2024-10-01,4861.0,NTT Data,97.0,0.0,0,0.0,0.0,471517.0,0.0,471517.0,2024-10-31,2024-10-31,15,0-30 Days
P014,2024-11-01,3931.0,NTT Data,97.0,3931.0,NTT Ltd,97.0,3931.0,381307.0,381307.0,0.0,2024-11-30,2024-11-30,0,0-30 Days
P014,2024-12-01,5374.0,NTT Data,97.0,0.0,0,0.0,0.0,521278.0,0.0,521278.0,2024-12-31,2024-12-31,15,0-30 Days
P015,2024-01-01,7527.0,Infosys Ltd,111.0,7527.0,Infosys,111.0,7527.0,835497.0,835497.0,0.0,2024-01-31,2024-01-31,0,0-30 Days
P015,2024-02-01,5443.0,Infosys Ltd,111.0,0.0,0,0.0,0.0,604173.0,0.0,604173.0,2024-02-29,2024-02-29,15,0-30 Days
P015,2024-03-01,4822.0,Infosys Ltd,111.0,4822.0,Infosys,111.0,4822.0,535242.0,535242.0,0.0,2024-03-31,2024-03-31,0,0-30 Days
P015,2024-04-01,3778.0,Infosys Ltd,111.0,3778.0,Infosys,111.0,3778.0,419358.0,419358.0,0.0,2024-04-30,2024-04-30,0,0-30 Days
P015,2024-05-01,3681.0,Infosys Ltd,111.0,3681.0,Infosys,111.0,3681.0,408591.0,408591.0,0.0,2024-05-31,2024-05-31,0,0-30 Days
P015,2024-06-01,4922.0,Infosys Ltd,111.0,0.0,0,0.0,0.0,546342.0,0.0,546342.0,2024-06-30,2024-06-30,15,0-30 Days
P015,2024-07-01,5437.0,Infosys Ltd,111.0,4922.0,Infosys,111.0,4922.0,603507.0,546342.0,57165.0,2024-07-31,2024-07-31,15,0-30 Days
P015,2024-07-01,5437.0,Infosys Ltd,111.0,5437.0,Infosys,111.0,5437.0,603507.0,603507.0,0.0,2024-07-31,2024-07-31,0,0-30 Days
P015,2024-08-01,4655.0,Infosys Ltd,111.0,4655.0,Infosys,111.0,4655.0,516705.0,516705.0,0.0,2024-08-31,2024-08-31,0,0-30 Days
P015,2024-09-01,6254.0,Infosys Ltd,111.0,6254.0,Infosys,111.0,6254.0,694194.0,694194.0,0.0,2024-09-30,2024-09-30,0,0-30 Days
P015,2024-10-01,5345.0,Infosys Ltd,111.0,5345.0,Infosys,111.0,5345.0,593295.0,593295.0,0.0,2024-10-31,2024-10-31,0,0-30 Days
P015,2024-11-01,4643.0,Infosys Ltd,111.0,0.0,0,0.0,0.0,515373.0,0.0,515373.0,2024-11-30,2024-11-30,75,60+ Days
P015,2024-12-01,3329.0,Infosys Ltd,111.0,4643.0,Infosys,111.0,4643.0,369519.0,515373.0,-145854.0,2024-12-31,2024-12-31,0,0-30 Days
P015,2024-12-01,3329.0,Infosys Ltd,111.0,3329.0,Infosys,111.0,3329.0,369519.0,369519.0,0.0,2024-12-31,2024-12-31,0,0-30 Days
P016,2024-01-01,3783.0,Accenture India,112.0,3783.0,Accenture India,112.0,3783.0,423696.0,423696.0,0.0,2024-01-31,2024-01-31,0,0-30 Days
P016,2024-02-01,5484.0,Accenture India,112.0,3730.0,Wipro,135.0,3730.0,614208.0,417760.0,196448.0,2024-02-29,2024-02-29,15,0-30 Days
P016,2024-03-01,6717.0,Accenture India,112.0,5484.0,Accenture India,112.0,5484.0,752304.0,614208.0,138096.0,2024-03-31,2024-03-31,15,0-30 Days
P016,2024-03-01,6717.0,Accenture India,112.0,6717.0,Accenture India,112.0,6717.0,752304.0,752304.0,0.0,2024-03-31,2024-03-31,0,0-30 Days
P016,2024-04-01,6477.0,Accenture India,112.0,6477.0,Accenture India,112.0,6477.0,725424.0,725424.0,0.0,2024-04-30,2024-04-30,0,0-30 Days
P016,2024-05-01,3574.0,Accenture India,112.0,4978.0,Wipro,135.0,4978.0,400288.0,557536.0,-157248.0,2024-05-31,2024-05-31,0,0-30 Days
P016,2024-05-01,3574.0,Accenture India,112.0,3574.0,Accenture India,112.0,3574.0,400288.0,400288.0,0.0,2024-05-31,2024-05-31,0,0-30 Days
P016,2024-06-01,4062.0,Accenture India,112.0,6932.0,NTT Ltd,97.0,6932.0,454944.0,776384.0,-321440.0,2024-06-30,2024-06-30,0,0-30 Days
P016,2024-06-01,4062.0,Accenture India,112.0,4062.0,Accenture India,112.0,4062.0,454944.0,454944.0,0.0,2024-06-30,2024-06-30,0,0-30 Days
P016,2024-07-01,5238.0,Accenture India,112.0,5238.0,Accenture India,112.0,5238.0,586656.0,586656.0,0.0,2024-07-31,2024-07-31,0,0-30 Days
P016,2024-08-01,4512.0,Accenture India,112.0,4512.0,Accenture India,112.0,4512.0,505344.0,505344.0,0.0,2024-08-31,2024-08-31,0,0-30 Days
P016,2024-09-01,4895.0,Accenture India,112.0,4895.0,Accenture India,112.0,4895.0,548240.0,548240.0,0.0,2024-09-30,2024-09-30,0,0-30 Days
P016,2024-10-01,6504.0,Accenture India,112.0,6504.0,Accenture India,112.0,6504.0,728448.0,728448.0,0.0,2024-10-31,2024-10-31,0,0-30 Days
P016,2024-11-01,4915.0,Accenture India,112.0,4915.0,Accenture India,112.0,4915.0,550480.0,550480.0,0.0,2024-11-30,2024-11-30,0,0-30 Days
P016,2024-12-01,4744.0,Accenture India,112.0,4744.0,Accenture India,112.0,4744.0,531328.0,531328.0,0.0,2024-12-31,2024-12-31,0,0-30 Days
P016,2024-12-01,4744.0,Accenture India,112.0,7131.0,NTT Ltd,94.0,7131.0,531328.0,798672.0,-267344.0,2024-12-31,2024-12-31,0,0-30 Days
P017,2024-01-01,3730.0,Wipro Pvt Ltd,135.0,0.0,0,0.0,0.0,503550.0,0.0,503550.0,2024-01-31,2024-01-31,15,0-30 Days
P017,2024-02-01,4308.0,Wipro Pvt Ltd,135.0,4308.0,Wipro,135.0,4308.0,581580.0,581580.0,0.0,2024-02-29,2024-02-29,0,0-30 Days
P017,2024-03-01,5154.0,Wipro Pvt Ltd,135.0,0.0,0,0.0,0.0,695790.0,0.0,695790.0,2024-03-31,2024-03-31,45,31-60 Days
P017,2024-04-01,5636.0,Wipro Pvt Ltd,135.0,5154.0,Wipro,135.0,5154.0,760860.0,695790.0,65070.0,2024-04-30,2024-04-30,45,31-60 Days
P017,2024-04-01,5636.0,Wipro Pvt Ltd,135.0,5636.0,Wipro,135.0,5636.0,760860.0,760860.0,0.0,2024-04-30,2024-04-30,0,0-30 Days
P017,2024-05-01,4651.0,Wipro Pvt Ltd,135.0,4651.0,Wipro,135.0,4651.0,627885.0,627885.0,0.0,2024-05-31,2024-05-31,0,0-30 Days
P017,2024-06-01,4804.0,Wipro Pvt Ltd,135.0,4804.0,Wipro,135.0,4804.0,648540.0,648540.0,0.0,2024-06-30,2024-06-30,0,0-30 Days
P017,2024-07-01,5526.0,Wipro Pvt Ltd,135.0,5526.0,Wipro,135.0,5526.0,746010.0,746010.0,0.0,2024-07-31,2024-07-31,0,0-30 Days
P017,2024-08-01,6246.0,Wipro Pvt Ltd,135.0,6246.0,Wipro,135.0,6246.0,843210.0,843210.0,0.0,2024-08-31,2024-08-31,0,0-30 Days
P017,2024-09-01,7221.0,Wipro Pvt Ltd,135.0,7221.0,Wipro,135.0,7221.0,974835.0,974835.0,0.0,2024-09-30,2024-09-30,0,0-30 Days
P017,2024-10-01,4817.0,Wipro Pvt Ltd,135.0,0.0,0,0.0,0.0,650295.0,0.0,650295.0,2024-10-31,2024-10-31,45,31-60 Days
P017,2024-11-01,4219.0,Wipro Pvt Ltd,135.0,4817.0,Wipro,135.0,4817.0,569565.0,650295.0,-80730.0,2024-11-30,2024-11-30,0,0-30 Days
P017,2024-11-01,4219.0,Wipro Pvt Ltd,135.0,4219.0,Wipro,135.0,4219.0,569565.0,569565.0,0.0,2024-11-30,2024-11-30,0,0-30 Days
P017,2024-12-01,4838.0,Wipro Pvt Ltd,135.0,4838.0,Wipro,135.0,4838.0,653130.0,653130.0,0.0,2024-12-31,2024-12-31,0,0-30 Days
P018,2024-01-01,5058.0,Wipro Pvt Ltd,103.0,5058.0,Wipro,103.0,5058.0,520974.0,520974.0,0.0,2024-01-31,2024-01-31,0,0-30 Days
P018,2024-02-01,4958.0,Wipro Pvt Ltd,103.0,4958.0,Wipro,103.0,4958.0,510674.0,510674.0,0.0,2024-02-29,2024-02-29,0,0-30 Days
P018,2024-03-01,4218.0,Wipro Pvt Ltd,103.0,4218.0,Wipro,103.0,4218.0,434454.0,434454.0,0.0,2024-03-31,2024-03-31,0,0-30 Days
P018,2024-04-01,4195.0,Wipro Pvt Ltd,103.0,0.0,0,0.0,0.0,432085.0,0.0,432085.0,2024-04-30,2024-04-30,15,0-30 Days
P018,2024-05-01,7305.0,Wipro Pvt Ltd,103.0,4195.0,Wipro,103.0,4195.0,752415.0,432085.0,320330.0,2024-05-31,2024-05-31,45,31-60 Days
P018,2024-05-01,7305.0,Wipro Pvt Ltd,103.0,7305.0,Wipro,103.0,7305.0,752415.0,752415.0,0.0,2024-05-31,2024-05-31,0,0-30 Days
P018,2024-06-01,5110.0,Wipro Pvt Ltd,103.0,5110.0,Wipro,103.0,5110.0,526330.0,526330.0,0.0,2024-06-30,2024-06-30,0,0-30 Days
P018,2024-07-01,5593.0,Wipro Pvt Ltd,103.0,5849.0,Infosys,90.0,5849.0,576079.0,602447.0,-26368.0,2024-07-31,2024-07-31,0,0-30 Days
P018,2024-08-01,5148.0,Wipro Pvt Ltd,103.0,5593.0,Wipro,103.0,5593.0,530244.0,576079.0,-45835.0,2024-08-31,2024-08-31,0,0-30 Days
P018,2024-09-01,6722.0,Wipro Pvt Ltd,103.0,5148.0,Wipro,103.0,5148.0,692366.0,530244.0,162122.0,2024-09-30,2024-09-30,15,0-30 Days
P018,2024-09-01,6722.0,Wipro Pvt Ltd,103.0,6722.0,Wipro,103.0,6722.0,692366.0,692366.0,0.0,2024-09-30,2024-09-30,0,0-30 Days
P018,2024-10-01,5766.0,Wipro Pvt Ltd,103.0,5766.0,Wipro,103.0,5766.0,593898.0,593898.0,0.0,2024-10-31,2024-10-31,0,0-30 Days
P018,2024-10-01,5766.0,Wipro Pvt Ltd,103.0,4647.0,Wipro,122.0,4647.0,593898.0,478641.0,115257.0,2024-10-31,2024-10-31,45,31-60 Days
P018,2024-11-01,6040.0,Wipro Pvt Ltd,103.0,6040.0,Wipro,103.0,6040.0,622120.0,622120.0,0.0,2024-11-30,2024-11-30,0,0-30 Days
P018,2024-12-01,4872.0,Wipro Pvt Ltd,103.0,4872.0,Wipro,103.0,4872.0,501816.0,501816.0,0.0,2024-12-31,2024-12-31,0,0-30 Days
P019,2024-01-01,5657.0,NTT Data,131.0,5657.0,NTT Ltd,131.0,5657.0,741067.0,741067.0,0.0,2024-01-31,2024-01-31,0,0-30 Days
P019,2024-02-01,5308.0,NTT Data,131.0,5308.0,NTT Ltd,131.0,5308.0,695348.0,695348.0,0.0,2024-02-29,2024-02-29,0,0-30 Days
P019,2024-03-01,4856.0,NTT Data,131.0,4856.0,NTT Ltd,131.0,4856.0,636136.0,636136.0,0.0,2024-03-31,2024-03-31,0,0-30 Days
P019,2024-04-01,7072.0,NTT Data,131.0,7072.0,NTT Ltd,131.0,7072.0,926432.0,926432.0,0.0,2024-04-30,2024-04-30,0,0-30 Days
P019,2024-05-01,4687.0,NTT Data,131.0,0.0,0,0.0,0.0,613997.0,0.0,613997.0,2024-05-31,2024-05-31,15,0-30 Days
P019,2024-06-01,3202.0,NTT Data,131.0,4687.0,NTT Ltd,131.0,4687.0,419462.0,613997.0,-194535.0,2024-06-30,2024-06-30,0,0-30 Days
P019,2024-06-01,3202.0,NTT Data,131.0,3202.0,NTT Ltd,131.0,3202.0,419462.0,419462.0,0.0,2024-06-30,2024-06-30,0,0-30 Days
P019,2024-07-01,5735.0,NTT Data,131.0,5735.0,NTT Ltd,131.0,5735.0,751285.0,751285.0,0.0,2024-07-31,2024-07-31,0,0-30 Days
P019,2024-08-01,4432.0,NTT Data,131.0,4432.0,NTT Ltd,131.0,4432.0,580592.0,580592.0,0.0,2024-08-31,2024-08-31,0,0-30 Days
P019,2024-09-01,4468.0,NTT Data,131.0,4468.0,NTT Ltd,131.0,4468.0,585308.0,585308.0,0.0,2024-09-30,2024-09-30,0,0-30 Days
P019,2024-10-01,5435.0,NTT Data,131.0,5435.0,NTT Ltd,131.0,5435.0,711985.0,711985.0,0.0,2024-10-31,2024-10-31,0,0-30 Days
P019,2024-10-01,5435.0,NTT Data,131.0,4222.0,Infosys,90.0,4222.0,711985.0,553082.0,158903.0,2024-10-31,2024-10-31,75,60+ Days
P019,2024-11-01,5908.0,NTT Data,131.0,0.0,0,0.0,0.0,773948.0,0.0,773948.0,2024-11-30,2024-11-30,15,0-30 Days
P019,2024-12-01,5280.0,NTT Data,131.0,5908.0,NTT Ltd,131.0,5908.0,691680.0,773948.0,-82268.0,2024-12-31,2024-12-31,0,0-30 Days
P019,2024-12-01,5280.0,NTT Data,131.0,5280.0,NTT Ltd,131.0,5280.0,691680.0,691680.0,0.0,2024-12-31,2024-12-31,0,0-30 Days
P020,2024-01-01,6050.0,Accenture India,122.0,6050.0,Accenture India,122.0,6050.0,738100.0,738100.0,0.0,2024-01-31,2024-01-31,0,0-30 Days
P020,2024-02-01,6262.0,Accenture India,122.0,6262.0,Accenture India,122.0,6262.0,763964.0,763964.0,0.0,2024-02-29,2024-02-29,0,0-30 Days
P020,2024-03-01,5412.0,Accenture India,122.0,5412.0,Accenture India,122.0,5412.0,660264.0,660264.0,0.0,2024-03-31,2024-03-31,0,0-30 Days
P020,2024-04-01,5639.0,Accenture India,122.0,5639.0,Accenture India,122.0,5639.0,687958.0,687958.0,0.0,2024-04-30,2024-04-30,0,0-30 Days
P020,2024-05-01,5632.0,Accenture India,122.0,5346.0,Wipro,95.0,5346.0,687104.0,652212.0,34892.0,2024-05-31,2024-05-31,15,0-30 Days
P020,2024-05-01,5632.0,Accenture India,122.0,5632.0,Accenture India,122.0,5632.0,687104.0,687104.0,0.0,2024-05-31,2024-05-31,0,0-30 Days
P020,2024-06-01,5291.0,Accenture India,122.0,5291.0,Accenture India,122.0,5291.0,645502.0,645502.0,0.0,2024-06-30,2024-06-30,0,0-30 Days
P020,2024-07-01,5464.0,Accenture India,122.0,5464.0,Accenture India,122.0,5464.0,666608.0,666608.0,0.0,2024-07-31,2024-07-31,0,0-30 Days
P020,2024-08-01,5688.0,Accenture India,122.0,5688.0,Accenture India,122.0,5688.0,693936.0,693936.0,0.0,2024-08-31,2024-08-31,0,0-30 Days
P020,2024-09-01,4367.0,Accenture India,122.0,0.0,0,0.0,0.0,532774.0,0.0,532774.0,2024-09-30,2024-09-30,75,60+ Days
P020,2024-10-01,5334.0,Accenture India,122.0,4367.0,Accenture India,122.0,4367.0,650748.0,532774.0,117974.0,2024-10-31,2024-10-31,45,31-60 Days
P020,2024-10-01,5334.0,Accenture India,122.0,5334.0,Accenture India,122.0,5334.0,650748.0,650748.0,0.0,2024-10-31,2024-10-31,0,0-30 Days
P020,2024-11-01,5932.0,Accenture India,122.0,0.0,0,0.0,0.0,723704.0,0.0,723704.0,2024-11-30,2024-11-30,75,60+ Days
P020,2024-12-01,6758.0,Accenture India,122.0,5932.0,Accenture India,122.0,5932.0,824476.0,723704.0,100772.0,2024-12-31,2024-12-31,15,0-30 Days
P020,2024-12-01,6758.0,Accenture India,122.0,6758.0,Accenture India,122.0,6758.0,824476.0,824476.0,0.0,2024-12-31,2024-12-31,0,0-30 Days
P021,2024-01-01,5612.0,Infosys Ltd,156.0,5612.0,Infosys,156.0,5612.0,875472.0,875472.0,0.0,2024-01-31,2024-01-31,0,0-30 Days
P021,2024-02-01,6107.0,Infosys Ltd,156.0,6107.0,Infosys,156.0,6107.0,952692.0,952692.0,0.0,2024-02-29,2024-02-29,0,0-30 Days
P021,2024-03-01,5150.0,Infosys Ltd,156.0,5150.0,Infosys,156.0,5150.0,803400.0,803400.0,0.0,2024-03-31,2024-03-31,0,0-30 Days
P021,2024-04-01,4808.0,Infosys Ltd,156.0,4808.0,Infosys,156.0,4808.0,750048.0,750048.0,0.0,2024-04-30,2024-04-30,0,0-30 Days
P021,2024-05-01,3435.0,Infosys Ltd,156.0,3435.0,Infosys,156.0,3435.0,535860.0,535860.0,0.0,2024-05-31,2024-05-31,0,0-30 Days
P021,2024-06-01,5784.0,Infosys Ltd,156.0,5784.0,Infosys,156.0,5784.0,902304.0,902304.0,0.0,2024-06-30,2024-06-30,0,0-30 Days
P021,2024-07-01,4829.0,Infosys Ltd,156.0,4829.0,Infosys,156.0,4829.0,753324.0,753324.0,0.0,2024-07-31,2024-07-31,0,0-30 Days
P021,2024-08-01,5017.0,Infosys Ltd,156.0,5017.0,Infosys,156.0,5017.0,782652.0,782652.0,0.0,2024-08-31,2024-08-31,0,0-30 Days
P021,2024-09-01,4532.0,Infosys Ltd,156.0,0.0,0,0.0,0.0,706992.0,0.0,706992.0,2024-09-30,2024-09-30,45,31-60 Days
P021,2024-10-01,5667.0,Infosys Ltd,156.0,4532.0,Infosys,156.0,4532.0,884052.0,706992.0,177060.0,2024-10-31,2024-10-31,45,31-60 Days
P021,2024-10-01,5667.0,Infosys Ltd,156.0,5667.0,Infosys,156.0,5667.0,884052.0,884052.0,0.0,2024-10-31,2024-10-31,0,0-30 Days
P021,2024-11-01,4392.0,Infosys Ltd,156.0,4392.0,Infosys,156.0,4392.0,685152.0,685152.0,0.0,2024-11-30,2024-11-30,0,0-30 Days
P021,2024-12-01,6159.0,Infosys Ltd,156.0,6159.0,Infosys,156.0,6159.0,960804.0,960804.0,0.0,2024-12-31,2024-12-31,0,0-30 Days
P022,2024-01-01,6383.0,Accenture India,110.0,6383.0,Accenture India,110.0,6383.0,702130.0,702130.0,0.0,2024-01-31,2024-01-31,0,0-30 Days
P022,2024-02-01,4869.0,Accenture India,110.0,4869.0,Accenture India,110.0,4869.0,535590.0,535590.0,0.0,2024-02-29,2024-02-29,0,0-30 Days
P022,2024-03-01,5069.0,Accenture India,110.0,0.0,0,0.0,0.0,557590.0,0.0,557590.0,2024-03-31,2024-03-31,15,0-30 Days
P022,2024-04-01,6278.0,Accenture India,110.0,0.0,0,0.0,0.0,690580.0,0.0,690580.0,2024-04-30,2024-04-30,45,31-60 Days
P022,2024-05-01,4587.0,Accenture India,110.0,6278.0,Accenture India,110.0,6278.0,504570.0,690580.0,-186010.0,2024-05-31,2024-05-31,0,0-30 Days
P022,2024-05-01,4587.0,Accenture India,110.0,4587.0,Accenture India,110.0,4587.0,504570.0,504570.0,0.0,2024-05-31,2024-05-31,0,0-30 Days
P022,2024-06-01,4546.0,Accenture India,110.0,4546.0,Accenture India,110.0,4546.0,500060.0,500060.0,0.0,2024-06-30,2024-06-30,0,0-30 Days
P022,2024-07-01,6808.0,Accenture India,110.0,6808.0,Accenture India,110.0,6808.0,748880.0,748880.0,0.0,2024-07-31,2024-07-31,0,0-30 Days
P022,2024-08-01,6269.0,Accenture India,110.0,6269.0,Accenture India,110.0,6269.0,689590.0,689590.0,0.0,2024-08-31,2024-08-31,0,0-30 Days
P022,2024-09-01,6303.0,Accenture India,110.0,0.0,0,0.0,0.0,693330.0,0.0,693330.0,2024-09-30,2024-09-30,45,31-60 Days
P022,2024-10-01,5180.0,Accenture India,110.0,6303.0,Accenture India,110.0,6303.0,569800.0,693330.0,-123530.0,2024-10-31,2024-10-31,0,0-30 Days
P022,2024-10-01,5180.0,Accenture India,110.0,5180.0,Accenture India,110.0,5180.0,569800.0,569800.0,0.0,2024-10-31,2024-10-31,0,0-30 Days
P022,2024-11-01,4618.0,Accenture India,110.0,4618.0,Accenture India,110.0,4618.0,507980.0,507980.0,0.0,2024-11-30,2024-11-30,0,0-30 Days
P022,2024-12-01,4771.0,Accenture India,110.0,0.0,0,0.0,0.0,524810.0,0.0,524810.0,2024-12-31,2024-12-31,45,31-60 Days
P022,2025-01-01,0.0,0,0.0,4771.0,Accenture India,110.0,4771.0,0.0,0.0,0.0,2025-01-31,2025-01-31,0,0-30 Days
P023,2024-01-01,4268.0,NTT Data,147.0,4268.0,NTT Ltd,147.0,4268.0,627396.0,627396.0,0.0,2024-01-31,2024-01-31,0,0-30 Days
P023,2024-02-01,4843.0,NTT Data,147.0,4843.0,NTT Ltd,147.0,4843.0,711921.0,711921.0,0.0,2024-02-29,2024-02-29,0,0-30 Days
P023,2024-03-01,4346.0,NTT Data,147.0,4346.0,NTT Ltd,147.0,4346.0,638862.0,638862.0,0.0,2024-03-31,2024-03-31,0,0-30 Days
P023,2024-04-01,4638.0,NTT Data,147.0,4638.0,NTT Ltd,147.0,4638.0,681786.0,681786.0,0.0,2024-04-30,2024-04-30,0,0-30 Days
P023,2024-05-01,4390.0,NTT Data,147.0,4390.0,NTT Ltd,147.0,4390.0,645330.0,645330.0,0.0,2024-05-31,2024-05-31,0,0-30 Days
P023,2024-06-01,5350.0,NTT Data,147.0,5350.0,NTT Ltd,147.0,5350.0,786450.0,786450.0,0.0,2024-06-30,2024-06-30,0,0-30 Days
P023,2024-07-01,7683.0,NTT Data,147.0,5599.0,Accenture India,114.0,5599.0,1129401.0,823053.0,306348.0,2024-07-31,2024-07-31,15,0-30 Days
P023,2024-07-01,7683.0,NTT Data,147.0,7683.0,NTT Ltd,147.0,7683.0,1129401.0,1129401.0,0.0,2024-07-31,2024-07-31,0,0-30 Days
P023,2024-08-01,4964.0,NTT Data,147.0,4964.0,NTT Ltd,147.0,4964.0,729708.0,729708.0,0.0,2024-08-31,2024-08-31,0,0-30 Days
P023,2024-09-01,5029.0,NTT Data,147.0,5029.0,NTT Ltd,147.0,5029.0,739263.0,739263.0,0.0,2024-09-30,2024-09-30,0,0-30 Days
P023,2024-10-01,4605.0,NTT Data,147.0,4605.0,NTT Ltd,147.0,4605.0,676935.0,676935.0,0.0,2024-10-31,2024-10-31,0,0-30 Days
P023,2024-11-01,5670.0,NTT Data,147.0,5670.0,NTT Ltd,147.0,5670.0,833490.0,833490.0,0.0,2024-11-30,2024-11-30,0,0-30 Days
P023,2024-12-01,5159.0,NTT Data,147.0,5159.0,NTT Ltd,147.0,5159.0,758373.0,758373.0,0.0,2024-12-31,2024-12-31,0,0-30 Days
P024,2024-01-01,4762.0,Infosys Ltd,118.0,3608.0,Accenture India,90.0,3608.0,561916.0,425744.0,136172.0,2024-01-31,2024-01-31,45,31-60 Days
P024,2024-02-01,6410.0,Infosys Ltd,118.0,4762.0,Infosys,118.0,4762.0,756380.0,561916.0,194464.0,2024-02-29,2024-02-29,15,0-30 Days
P024,2024-02-01,6410.0,Infosys Ltd,118.0,6410.0,Infosys,118.0,6410.0,756380.0,756380.0,0.0,2024-02-29,2024-02-29,0,0-30 Days
P024,2024-03-01,7541.0,Infosys Ltd,118.0,7541.0,Infosys,118.0,7541.0,889838.0,889838.0,0.0,2024-03-31,2024-03-31,0,0-30 Days
P024,2024-04-01,5842.0,Infosys Ltd,118.0,5842.0,Infosys,118.0,5842.0,689356.0,689356.0,0.0,2024-04-30,2024-04-30,0,0-30 Days
P024,2024-05-01,4788.0,Infosys Ltd,118.0,4788.0,Infosys,118.0,4788.0,564984.0,564984.0,0.0,2024-05-31,2024-05-31,0,0-30 Days
P024,2024-06-01,6275.0,Infosys Ltd,118.0,0.0,0,0.0,0.0,740450.0,0.0,740450.0,2024-06-30,2024-06-30,45,31-60 Days
P024,2024-07-01,4221.0,Infosys Ltd,118.0,6275.0,Infosys,118.0,6275.0,498078.0,740450.0,-242372.0,2024-07-31,2024-07-31,0,0-30 Days
P024,2024-07-01,4221.0,Infosys Ltd,118.0,4221.0,Infosys,118.0,4221.0,498078.0,498078.0,0.0,2024-07-31,2024-07-31,0,0-30 Days
P024,2024-08-01,4829.0,Infosys Ltd,118.0,4829.0,Infosys,118.0,4829.0,569822.0,569822.0,0.0,2024-08-31,2024-08-31,0,0-30 Days
P024,2024-09-01,4151.0,Infosys Ltd,118.0,4151.0,Infosys,118.0,4151.0,489818.0,489818.0,0.0,2024-09-30,2024-09-30,0,0-30 Days
P024,2024-10-01,5869.0,Infosys Ltd,118.0,5869.0,Infosys,118.0,5869.0,692542.0,692542.0,0.0,2024-10-31,2024-10-31,0,0-30 Days
P024,2024-11-01,6244.0,Infosys Ltd,118.0,6244.0,Infosys,118.0,6244.0,736792.0,736792.0,0.0,2024-11-30,2024-11-30,0,0-30 Days
P024,2024-12-01,5390.0,Infosys Ltd,118.0,5390.0,Infosys,118.0,5390.0,636020.0,636020.0,0.0,2024-12-31,2024-12-31,0,0-30 Days
P025,2024-01-01,3608.0,Accenture India,90.0,0.0,0,0.0,0.0,324720.0,0.0,324720.0,2024-01-31,2024-01-31,75,60+ Days
P025,2024-02-01,4851.0,Accenture India,90.0,4851.0,Accenture India,90.0,4851.0,436590.0,436590.0,0.0,2024-02-29,2024-02-29,0,0-30 Days
P025,2024-03-01,7960.0,Accenture India,90.0,7960.0,Accenture India,90.0,7960.0,716400.0,716400.0,0.0,2024-03-31,2024-03-31,0,0-30 Days
P025,2024-04-01,5157.0,Accenture India,90.0,5157.0,Accenture India,90.0,5157.0,464130.0,464130.0,0.0,2024-04-30,2024-04-30,0,0-30 Days
P025,2024-05-01,3917.0,Accenture India,90.0,0.0,0,0.0,0.0,352530.0,0.0,352530.0,2024-05-31,2024-05-31,15,0-30 Days
P025,2024-06-01,3172.0,Accenture India,90.0,3172.0,Accenture India,90.0,3172.0,285480.0,285480.0,0.0,2024-06-30,2024-06-30,0,0-30 Days
P025,2024-07-01,5594.0,Accenture India,90.0,5594.0,Accenture India,90.0,5594.0,503460.0,503460.0,0.0,2024-07-31,2024-07-31,0,0-30 Days
P025,2024-08-01,6942.0,Accenture India,90.0,0.0,0,0.0,0.0,624780.0,0.0,624780.0,2024-08-31,2024-08-31,15,0-30 Days
P025,2024-09-01,7076.0,Accenture India,90.0,6942.0,Accenture India,90.0,6942.0,636840.0,624780.0,12060.0,2024-09-30,2024-09-30,45,31-60 Days
P025,2024-09-01,7076.0,Accenture India,90.0,7076.0,Accenture India,90.0,7076.0,636840.0,636840.0,0.0,2024-09-30,2024-09-30,0,0-30 Days
P025,2024-10-01,5671.0,Accenture India,90.0,5671.0,Accenture India,90.0,5671.0,510390.0,510390.0,0.0,2024-10-31,2024-10-31,0,0-30 Days
P025,2024-11-01,3817.0,Accenture India,90.0,3817.0,Accenture India,90.0,3817.0,343530.0,343530.0,0.0,2024-11-30,2024-11-30,0,0-30 Days
P025,2024-11-01,3817.0,Accenture India,90.0,4702.0,Infosys,119.0,4702.0,343530.0,423180.0,-79650.0,2024-11-30,2024-11-30,0,0-30 Days
P025,2024-12-01,5322.0,Accenture India,90.0,5322.0,Accenture India,90.0,5322.0,478980.0,478980.0,0.0,2024-12-31,2024-12-31,0,0-30 Days
P026,2024-01-01,5009.0,Wipro Pvt Ltd,152.0,5009.0,Wipro,152.0,5009.0,761368.0,761368.0,0.0,2024-01-31,2024-01-31,0,0-30 Days
P026,2024-02-01,5793.0,Wipro Pvt Ltd,152.0,5793.0,Wipro,152.0,5793.0,880536.0,880536.0,0.0,2024-02-29,2024-02-29,0,0-30 Days
P026,2024-03-01,5516.0,Wipro Pvt Ltd,152.0,5516.0,Wipro,152.0,5516.0,838432.0,838432.0,0.0,2024-03-31,2024-03-31,0,0-30 Days
P026,2024-04-01,6375.0,Wipro Pvt Ltd,152.0,6375.0,Wipro,152.0,6375.0,969000.0,969000.0,0.0,2024-04-30,2024-04-30,0,0-30 Days
P026,2024-05-01,4015.0,Wipro Pvt Ltd,152.0,4015.0,Wipro,152.0,4015.0,610280.0,610280.0,0.0,2024-05-31,2024-05-31,0,0-30 Days
P026,2024-06-01,4654.0,Wipro Pvt Ltd,152.0,4654.0,Wipro,152.0,4654.0,707408.0,707408.0,0.0,2024-06-30,2024-06-30,0,0-30 Days
P026,2024-07-01,4513.0,Wipro Pvt Ltd,152.0,4513.0,Wipro,152.0,4513.0,685976.0,685976.0,0.0,2024-07-31,2024-07-31,0,0-30 Days
P026,2024-08-01,4557.0,Wipro Pvt Ltd,152.0,4557.0,Wipro,152.0,4557.0,692664.0,692664.0,0.0,2024-08-31,2024-08-31,0,0-30 Days
P026,2024-09-01,4577.0,Wipro Pvt Ltd,152.0,0.0,0,0.0,0.0,695704.0,0.0,695704.0,2024-09-30,2024-09-30,15,0-30 Days
P026,2024-10-01,7321.0,Wipro Pvt Ltd,152.0,4577.0,Wipro,152.0,4577.0,1112792.0,695704.0,417088.0,2024-10-31,2024-10-31,15,0-30 Days
P026,2024-10-01,7321.0,Wipro Pvt Ltd,152.0,7321.0,Wipro,152.0,7321.0,1112792.0,1112792.0,0.0,2024-10-31,2024-10-31,0,0-30 Days
P026,2024-11-01,5059.0,Wipro Pvt Ltd,152.0,7136.0,NTT Ltd,126.0,7136.0,768968.0,1084672.0,-315704.0,2024-11-30,2024-11-30,0,0-30 Days
P026,2024-11-01,5059.0,Wipro Pvt Ltd,152.0,5059.0,Wipro,152.0,5059.0,768968.0,768968.0,0.0,2024-11-30,2024-11-30,0,0-30 Days
P026,2024-12-01,5370.0,Wipro Pvt Ltd,152.0,5370.0,Wipro,152.0,5370.0,816240.0,816240.0,0.0,2024-12-31,2024-12-31,0,0-30 Days
P027,2024-01-01,4870.0,Wipro Pvt Ltd,143.0,4870.0,Wipro,143.0,4870.0,696410.0,696410.0,0.0,2024-01-31,2024-01-31,0,0-30 Days
P027,2024-02-01,2403.0,Wipro Pvt Ltd,143.0,0.0,0,0.0,0.0,343629.0,0.0,343629.0,2024-02-29,2024-02-29,15,0-30 Days
P027,2024-03-01,5025.0,Wipro Pvt Ltd,143.0,2403.0,Wipro,143.0,2403.0,718575.0,343629.0,374946.0,2024-03-31,2024-03-31,15,0-30 Days
P027,2024-03-01,5025.0,Wipro Pvt Ltd,143.0,5025.0,Wipro,143.0,5025.0,718575.0,718575.0,0.0,2024-03-31,2024-03-31,0,0-30 Days
P027,2024-04-01,5592.0,Wipro Pvt Ltd,143.0,5592.0,Wipro,143.0,5592.0,799656.0,799656.0,0.0,2024-04-30,2024-04-30,0,0-30 Days
P027,2024-05-01,4999.0,Wipro Pvt Ltd,143.0,3917.0,Accenture India,90.0,3917.0,714857.0,560131.0,154726.0,2024-05-31,2024-05-31,15,0-30 Days
P027,2024-05-01,4999.0,Wipro Pvt Ltd,143.0,4999.0,Wipro,143.0,4999.0,714857.0,714857.0,0.0,2024-05-31,2024-05-31,0,0-30 Days
P027,2024-06-01,7218.0,Wipro Pvt Ltd,143.0,7218.0,Wipro,143.0,7218.0,1032174.0,1032174.0,0.0,2024-06-30,2024-06-30,0,0-30 Days
P027,2024-07-01,4220.0,Wipro Pvt Ltd,143.0,0.0,0,0.0,0.0,603460.0,0.0,603460.0,2024-07-31,2024-07-31,75,60+ Days
P027,2024-08-01,4556.0,Wipro Pvt Ltd,143.0,4220.0,Wipro,143.0,4220.0,651508.0,603460.0,48048.0,2024-08-31,2024-08-31,75,60+ Days
P027,2024-08-01,4556.0,Wipro Pvt Ltd,143.0,4556.0,Wipro,143.0,4556.0,651508.0,651508.0,0.0,2024-08-31,2024-08-31,0,0-30 Days
P027,2024-09-01,3878.0,Wipro Pvt Ltd,143.0,3878.0,Wipro,143.0,3878.0,554554.0,554554.0,0.0,2024-09-30,2024-09-30,0,0-30 Days
P027,2024-10-01,5763.0,Wipro Pvt Ltd,143.0,5763.0,Wipro,143.0,5763.0,824109.0,824109.0,0.0,2024-10-31,2024-10-31,0,0-30 Days
P027,2024-11-01,6211.0,Wipro Pvt Ltd,143.0,0.0,0,0.0,0.0,888173.0,0.0,888173.0,2024-11-30,2024-11-30,45,31-60 Days
P027,2024-12-01,4415.0,Wipro Pvt Ltd,143.0,6211.0,Wipro,143.0,6211.0,631345.0,888173.0,-256828.0,2024-12-31,2024-12-31,0,0-30 Days
P027,2024-12-01,4415.0,Wipro Pvt Ltd,143.0,4415.0,Wipro,143.0,4415.0,631345.0,631345.0,0.0,2024-12-31,2024-12-31,0,0-30 Days
P028,2024-01-01,4580.0,Infosys Ltd,157.0,4580.0,Infosys,157.0,4580.0,719060.0,719060.0,0.0,2024-01-31,2024-01-31,0,0-30 Days
P028,2024-02-01,3567.0,Infosys Ltd,157.0,3567.0,Infosys,157.0,3567.0,560019.0,560019.0,0.0,2024-02-29,2024-02-29,0,0-30 Days
P028,2024-03-01,6204.0,Infosys Ltd,157.0,6204.0,Infosys,157.0,6204.0,974028.0,974028.0,0.0,2024-03-31,2024-03-31,0,0-30 Days
P028,2024-04-01,5446.0,Infosys Ltd,157.0,5446.0,Infosys,157.0,5446.0,855022.0,855022.0,0.0,2024-04-30,2024-04-30,0,0-30 Days
P028,2024-05-01,5485.0,Infosys Ltd,157.0,5485.0,Infosys,157.0,5485.0,861145.0,861145.0,0.0,2024-05-31,2024-05-31,0,0-30 Days
P028,2024-06-01,4773.0,Infosys Ltd,157.0,4773.0,Infosys,157.0,4773.0,749361.0,749361.0,0.0,2024-06-30,2024-06-30,0,0-30 Days
P028,2024-07-01,6185.0,Infosys Ltd,157.0,6185.0,Infosys,157.0,6185.0,971045.0,971045.0,0.0,2024-07-31,2024-07-31,0,0-30 Days
P028,2024-08-01,4960.0,Infosys Ltd,157.0,4960.0,Infosys,157.0,4960.0,778720.0,778720.0,0.0,2024-08-31,2024-08-31,0,0-30 Days
P028,2024-09-01,7321.0,Infosys Ltd,157.0,0.0,0,0.0,0.0,1149397.0,0.0,1149397.0,2024-09-30,2024-09-30,45,31-60 Days
P028,2024-10-01,4757.0,Infosys Ltd,157.0,7321.0,Infosys,157.0,7321.0,746849.0,1149397.0,-402548.0,2024-10-31,2024-10-31,0,0-30 Days
P028,2024-10-01,4757.0,Infosys Ltd,157.0,4757.0,Infosys,157.0,4757.0,746849.0,746849.0,0.0,2024-10-31,2024-10-31,0,0-30 Days
P028,2024-11-01,5347.0,Infosys Ltd,157.0,5347.0,Infosys,157.0,5347.0,839479.0,839479.0,0.0,2024-11-30,2024-11-30,0,0-30 Days
P028,2024-12-01,5102.0,Infosys Ltd,157.0,5102.0,Infosys,157.0,5102.0,801014.0,801014.0,0.0,2024-12-31,2024-12-31,0,0-30 Days
P029,2024-01-01,3820.0,Accenture India,109.0,3820.0,Accenture India,109.0,3820.0,416380.0,416380.0,0.0,2024-01-31,2024-01-31,0,0-30 Days
P029,2024-02-01,5378.0,Accenture India,109.0,5378.0,Accenture India,109.0,5378.0,586202.0,586202.0,0.0,2024-02-29,2024-02-29,0,0-30 Days
P029,2024-03-01,3722.0,Accenture India,109.0,3722.0,Accenture India,109.0,3722.0,405698.0,405698.0,0.0,2024-03-31,2024-03-31,0,0-30 Days
P029,2024-04-01,4505.0,Accenture India,109.0,4505.0,Accenture India,109.0,4505.0,491045.0,491045.0,0.0,2024-04-30,2024-04-30,0,0-30 Days
P029,2024-05-01,6851.0,Accenture India,109.0,6851.0,Accenture India,109.0,6851.0,746759.0,746759.0,0.0,2024-05-31,2024-05-31,0,0-30 Days
P029,2024-06-01,5951.0,Accenture India,109.0,5951.0,Accenture India,109.0,5951.0,648659.0,648659.0,0.0,2024-06-30,2024-06-30,0,0-30 Days
P029,2024-07-01,4400.0,Accenture India,109.0,0.0,0,0.0,0.0,479600.0,0.0,479600.0,2024-07-31,2024-07-31,15,0-30 Days
P029,2024-08-01,5319.0,Accenture India,109.0,4400.0,Accenture India,109.0,4400.0,579771.0,479600.0,100171.0,2024-08-31,2024-08-31,15,0-30 Days
P029,2024-08-01,5319.0,Accenture India,109.0,5319.0,Accenture India,109.0,5319.0,579771.0,579771.0,0.0,2024-08-31,2024-08-31,0,0-30 Days
P029,2024-09-01,5389.0,Accenture India,109.0,5389.0,Accenture India,109.0,5389.0,587401.0,587401.0,0.0,2024-09-30,2024-09-30,0,0-30 Days
P029,2024-10-01,4588.0,Accenture India,109.0,4588.0,Accenture India,109.0,4588.0,500092.0,500092.0,0.0,2024-10-31,2024-10-31,0,0-30 Days
P029,2024-11-01,5621.0,Accenture India,109.0,5621.0,Accenture India,109.0,5621.0,612689.0,612689.0,0.0,2024-11-30,2024-11-30,0,0-30 Days
P029,2024-12-01,4490.0,Accenture India,109.0,4490.0,Accenture India,109.0,4490.0,489410.0,489410.0,0.0,2024-12-31,2024-12-31,0,0-30 Days
P030,2024-01-01,3197.0,Wipro Pvt Ltd,127.0,3197.0,Wipro,127.0,3197.0,406019.0,406019.0,0.0,2024-01-31,2024-01-31,0,0-30 Days
P030,2024-02-01,4638.0,Wipro Pvt Ltd,127.0,4638.0,Wipro,127.0,4638.0,589026.0,589026.0,0.0,2024-02-29,2024-02-29,0,0-30 Days
P030,2024-03-01,6741.0,Wipro Pvt Ltd,127.0,6741.0,Wipro,127.0,6741.0,856107.0,856107.0,0.0,2024-03-31,2024-03-31,0,0-30 Days
P030,2024-04-01,5577.0,Wipro Pvt Ltd,127.0,5577.0,Wipro,127.0,5577.0,708279.0,708279.0,0.0,2024-04-30,2024-04-30,0,0-30 Days
P030,2024-05-01,6347.0,Wipro Pvt Ltd,127.0,0.0,0,0.0,0.0,806069.0,0.0,806069.0,2024-05-31,2024-05-31,45,31-60 Days
P030,2024-06-01,5845.0,Wipro Pvt Ltd,127.0,6347.0,Wipro,127.0,6347.0,742315.0,806069.0,-63754.0,2024-06-30,2024-06-30,0,0-30 Days
P030,2024-06-01,5845.0,Wipro Pvt Ltd,127.0,5845.0,Wipro,127.0,5845.0,742315.0,742315.0,0.0,2024-06-30,2024-06-30,0,0-30 Days
P030,2024-07-01,5625.0,Wipro Pvt Ltd,127.0,5625.0,Wipro,127.0,5625.0,714375.0,714375.0,0.0,2024-07-31,2024-07-31,0,0-30 Days
P030,2024-08-01,6315.0,Wipro Pvt Ltd,127.0,5757.0,Infosys,137.0,5757.0,802005.0,731139.0,70866.0,2024-08-31,2024-08-31,15,0-30 Days
P030,2024-09-01,5124.0,Wipro Pvt Ltd,127.0,6315.0,Wipro,127.0,6315.0,650748.0,802005.0,-151257.0,2024-09-30,2024-09-30,0,0-30 Days
P030,2024-09-01,5124.0,Wipro Pvt Ltd,127.0,5124.0,Wipro,127.0,5124.0,650748.0,650748.0,0.0,2024-09-30,2024-09-30,0,0-30 Days
P030,2024-10-01,5964.0,Wipro Pvt Ltd,127.0,5964.0,Wipro,127.0,5964.0,757428.0,757428.0,0.0,2024-10-31,2024-10-31,0,0-30 Days
P030,2024-11-01,6286.0,Wipro Pvt Ltd,127.0,6286.0,Wipro,127.0,6286.0,798322.0,798322.0,0.0,2024-11-30,2024-11-30,0,0-30 Days
P030,2024-12-01,4791.0,Wipro Pvt Ltd,127.0,4791.0,Wipro,127.0,4791.0,608457.0,608457.0,0.0,2024-12-31,2024-12-31,0,0-30 Days
P031,2024-01-01,3863.0,Infosys Ltd,90.0,0.0,0,0.0,0.0,347670.0,0.0,347670.0,2024-01-31,2024-01-31,15,0-30 Days
P031,2024-02-01,6477.0,Infosys Ltd,90.0,0.0,0,0.0,0.0,582930.0,0.0,582930.0,2024-02-29,2024-02-29,75,60+ Days
P031,2024-03-01,5993.0,Infosys Ltd,90.0,6477.0,Infosys,90.0,6477.0,539370.0,582930.0,-43560.0,2024-03-31,2024-03-31,0,0-30 Days
P031,2024-03-01,5993.0,Infosys Ltd,90.0,5993.0,Infosys,90.0,5993.0,539370.0,539370.0,0.0,2024-03-31,2024-03-31,0,0-30 Days
P031,2024-04-01,7764.0,Infosys Ltd,90.0,7764.0,Infosys,90.0,7764.0,698760.0,698760.0,0.0,2024-04-30,2024-04-30,0,0-30 Days
P031,2024-05-01,5918.0,Infosys Ltd,90.0,5808.0,Infosys,92.0,5808.0,532620.0,522720.0,9900.0,2024-05-31,2024-05-31,75,60+ Days
P031,2024-06-01,4942.0,Infosys Ltd,90.0,4942.0,Infosys,90.0,4942.0,444780.0,444780.0,0.0,2024-06-30,2024-06-30,0,0-30 Days
P031,2024-07-01,5849.0,Infosys Ltd,90.0,0.0,0,0.0,0.0,526410.0,0.0,526410.0,2024-07-31,2024-07-31,15,0-30 Days
P031,2024-08-01,5449.0,Infosys Ltd,90.0,0.0,0,0.0,0.0,490410.0,0.0,490410.0,2024-08-31,2024-08-31,15,0-30 Days
P031,2024-09-01,4360.0,Infosys Ltd,90.0,5449.0,Infosys,90.0,5449.0,392400.0,490410.0,-98010.0,2024-09-30,2024-09-30,0,0-30 Days
P031,2024-09-01,4360.0,Infosys Ltd,90.0,4360.0,Infosys,90.0,4360.0,392400.0,392400.0,0.0,2024-09-30,2024-09-30,0,0-30 Days
P031,2024-10-01,4222.0,Infosys Ltd,90.0,0.0,0,0.0,0.0,379980.0,0.0,379980.0,2024-10-31,2024-10-31,15,0-30 Days
P031,2024-11-01,6145.0,Infosys Ltd,90.0,6145.0,Infosys,90.0,6145.0,553050.0,553050.0,0.0,2024-11-30,2024-11-30,0,0-30 Days
P031,2024-12-01,3611.0,Infosys Ltd,90.0,3611.0,Infosys,90.0,3611.0,324990.0,324990.0,0.0,2024-12-31,2024-12-31,0,0-30 Days
P032,2024-01-01,6404.0,Infosys Ltd,119.0,6404.0,Infosys,119.0,6404.0,762076.0,762076.0,0.0,2024-01-31,2024-01-31,0,0-30 Days
P032,2024-02-01,5405.0,Infosys Ltd,119.0,4434.0,NTT Ltd,126.0,4434.0,643195.0,527646.0,115549.0,2024-02-29,2024-02-29,15,0-30 Days
P032,2024-02-01,5405.0,Infosys Ltd,119.0,5443.0,Infosys,111.0,5443.0,643195.0,647717.0,-4522.0,2024-02-29,2024-02-29,0,0-30 Days
P032,2024-02-01,5405.0,Infosys Ltd,119.0,5405.0,Infosys,119.0,5405.0,643195.0,643195.0,0.0,2024-02-29,2024-02-29,0,0-30 Days
P032,2024-03-01,4528.0,Infosys Ltd,119.0,0.0,0,0.0,0.0,538832.0,0.0,538832.0,2024-03-31,2024-03-31,15,0-30 Days
P032,2024-04-01,4901.0,Infosys Ltd,119.0,4528.0,Infosys,119.0,4528.0,583219.0,538832.0,44387.0,2024-04-30,2024-04-30,75,60+ Days
P032,2024-04-01,4901.0,Infosys Ltd,119.0,4901.0,Infosys,119.0,4901.0,583219.0,583219.0,0.0,2024-04-30,2024-04-30,0,0-30 Days
P032,2024-05-01,5130.0,Infosys Ltd,119.0,5130.0,Infosys,119.0,5130.0,610470.0,610470.0,0.0,2024-05-31,2024-05-31,0,0-30 Days
P032,2024-06-01,4321.0,Infosys Ltd,119.0,4321.0,Infosys,119.0,4321.0,514199.0,514199.0,0.0,2024-06-30,2024-06-30,0,0-30 Days
P032,2024-07-01,6023.0,Infosys Ltd,119.0,6023.0,Infosys,119.0,6023.0,716737.0,716737.0,0.0,2024-07-31,2024-07-31,0,0-30 Days
P032,2024-08-01,4189.0,Infosys Ltd,119.0,4189.0,Infosys,119.0,4189.0,498491.0,498491.0,0.0,2024-08-31,2024-08-31,0,0-30 Days
P032,2024-09-01,5335.0,Infosys Ltd,119.0,5335.0,Infosys,119.0,5335.0,634865.0,634865.0,0.0,2024-09-30,2024-09-30,0,0-30 Days
P032,2024-10-01,5909.0,Infosys Ltd,119.0,4300.0,Accenture India,159.0,4300.0,703171.0,511700.0,191471.0,2024-10-31,2024-10-31,15,0-30 Days
P032,2024-10-01,5909.0,Infosys Ltd,119.0,5909.0,Infosys,119.0,5909.0,703171.0,703171.0,0.0,2024-10-31,2024-10-31,0,0-30 Days
P032,2024-11-01,4702.0,Infosys Ltd,119.0,0.0,0,0.0,0.0,559538.0,0.0,559538.0,2024-11-30,2024-11-30,15,0-30 Days
P032,2024-12-01,4654.0,Infosys Ltd,119.0,4654.0,Infosys,119.0,4654.0,553826.0,553826.0,0.0,2024-12-31,2024-12-31,0,0-30 Days
P033,2024-01-01,5936.0,Infosys Ltd,137.0,5936.0,Infosys,137.0,5936.0,813232.0,813232.0,0.0,2024-01-31,2024-01-31,0,0-30 Days
P033,2024-02-01,4801.0,Infosys Ltd,137.0,5893.0,Wipro,141.0,5893.0,657737.0,807341.0,-149604.0,2024-02-29,2024-02-29,0,0-30 Days
P033,2024-02-01,4801.0,Infosys Ltd,137.0,4801.0,Infosys,137.0,4801.0,657737.0,657737.0,0.0,2024-02-29,2024-02-29,0,0-30 Days
P033,2024-03-01,2987.0,Infosys Ltd,137.0,0.0,0,0.0,0.0,409219.0,0.0,409219.0,2024-03-31,2024-03-31,75,60+ Days
P033,2024-04-01,3977.0,Infosys Ltd,137.0,2987.0,Infosys,137.0,2987.0,544849.0,409219.0,135630.0,2024-04-30,2024-04-30,15,0-30 Days
P033,2024-04-01,3977.0,Infosys Ltd,137.0,3977.0,Infosys,137.0,3977.0,544849.0,544849.0,0.0,2024-04-30,2024-04-30,0,0-30 Days
P033,2024-05-01,6055.0,Infosys Ltd,137.0,6055.0,Infosys,137.0,6055.0,829535.0,829535.0,0.0,2024-05-31,2024-05-31,0,0-30 Days
P033,2024-06-01,5956.0,Infosys Ltd,137.0,0.0,0,0.0,0.0,815972.0,0.0,815972.0,2024-06-30,2024-06-30,75,60+ Days
P033,2024-07-01,5437.0,Infosys Ltd,137.0,5956.0,Infosys,137.0,5956.0,744869.0,815972.0,-71103.0,2024-07-31,2024-07-31,0,0-30 Days
P033,2024-07-01,5437.0,Infosys Ltd,137.0,5437.0,Infosys,137.0,5437.0,744869.0,744869.0,0.0,2024-07-31,2024-07-31,0,0-30 Days
P033,2024-08-01,5757.0,Infosys Ltd,137.0,0.0,0,0.0,0.0,788709.0,0.0,788709.0,2024-08-31,2024-08-31,15,0-30 Days
P033,2024-09-01,6077.0,Infosys Ltd,137.0,6077.0,Infosys,137.0,6077.0,832549.0,832549.0,0.0,2024-09-30,2024-09-30,0,0-30 Days
P033,2024-10-01,3368.0,Infosys Ltd,137.0,6266.0,NTT Ltd,128.0,6266.0,461416.0,858442.0,-397026.0,2024-10-31,2024-10-31,0,0-30 Days
P033,2024-10-01,3368.0,Infosys Ltd,137.0,3368.0,Infosys,137.0,3368.0,461416.0,461416.0,0.0,2024-10-31,2024-10-31,0,0-30 Days
P033,2024-11-01,3659.0,Infosys Ltd,137.0,3659.0,Infosys,137.0,3659.0,501283.0,501283.0,0.0,2024-11-30,2024-11-30,0,0-30 Days
P033,2024-12-01,5737.0,Infosys Ltd,137.0,5737.0,Infosys,137.0,5737.0,785969.0,785969.0,0.0,2024-12-31,2024-12-31,0,0-30 Days
P034,2024-01-01,7337.0,Infosys Ltd,139.0,0.0,0,0.0,0.0,1019843.0,0.0,1019843.0,2024-01-31,2024-01-31,45,31-60 Days
P034,2024-02-01,6184.0,Infosys Ltd,139.0,7337.0,Infosys,139.0,7337.0,859576.0,1019843.0,-160267.0,2024-02-29,2024-02-29,0,0-30 Days
P034,2024-02-01,6184.0,Infosys Ltd,139.0,6184.0,Infosys,139.0,6184.0,859576.0,859576.0,0.0,2024-02-29,2024-02-29,0,0-30 Days
P034,2024-03-01,5551.0,Infosys Ltd,139.0,5551.0,Infosys,139.0,5551.0,771589.0,771589.0,0.0,2024-03-31,2024-03-31,0,0-30 Days
P034,2024-04-01,4497.0,Infosys Ltd,139.0,0.0,0,0.0,0.0,625083.0,0.0,625083.0,2024-04-30,2024-04-30,15,0-30 Days
P034,2024-05-01,3893.0,Infosys Ltd,139.0,4497.0,Infosys,139.0,4497.0,541127.0,625083.0,-83956.0,2024-05-31,2024-05-31,0,0-30 Days
P034,2024-05-01,3893.0,Infosys Ltd,139.0,3893.0,Infosys,139.0,3893.0,541127.0,541127.0,0.0,2024-05-31,2024-05-31,0,0-30 Days
P034,2024-06-01,4760.0,Infosys Ltd,139.0,4760.0,Infosys,139.0,4760.0,661640.0,661640.0,0.0,2024-06-30,2024-06-30,0,0-30 Days
P034,2024-07-01,6392.0,Infosys Ltd,139.0,0.0,0,0.0,0.0,888488.0,0.0,888488.0,2024-07-31,2024-07-31,75,60+ Days
P034,2024-08-01,5517.0,Infosys Ltd,139.0,6392.0,Infosys,139.0,6392.0,766863.0,888488.0,-121625.0,2024-08-31,2024-08-31,0,0-30 Days
P034,2024-08-01,5517.0,Infosys Ltd,139.0,5517.0,Infosys,139.0,5517.0,766863.0,766863.0,0.0,2024-08-31,2024-08-31,0,0-30 Days
P034,2024-09-01,5751.0,Infosys Ltd,139.0,0.0,0,0.0,0.0,799389.0,0.0,799389.0,2024-09-30,2024-09-30,45,31-60 Days
P034,2024-10-01,4996.0,Infosys Ltd,139.0,5751.0,Infosys,139.0,5751.0,694444.0,799389.0,-104945.0,2024-10-31,2024-10-31,0,0-30 Days
P034,2024-10-01,4996.0,Infosys Ltd,139.0,4996.0,Infosys,139.0,4996.0,694444.0,694444.0,0.0,2024-10-31,2024-10-31,0,0-30 Days
P034,2024-11-01,5045.0,Infosys Ltd,139.0,5045.0,Infosys,139.0,5045.0,701255.0,701255.0,0.0,2024-11-30,2024-11-30,0,0-30 Days
P034,2024-12-01,6671.0,Infosys Ltd,139.0,6671.0,Infosys,139.0,6671.0,927269.0,927269.0,0.0,2024-12-31,2024-12-31,0,0-30 Days
P035,2024-01-01,6665.0,Wipro Pvt Ltd,110.0,6665.0,Wipro,110.0,6665.0,733150.0,733150.0,0.0,2024-01-31,2024-01-31,0,0-30 Days
P035,2024-02-01,6254.0,Wipro Pvt Ltd,110.0,6254.0,Wipro,110.0,6254.0,687940.0,687940.0,0.0,2024-02-29,2024-02-29,0,0-30 Days
P035,2024-03-01,3725.0,Wipro Pvt Ltd,110.0,3725.0,Wipro,110.0,3725.0,409750.0,409750.0,0.0,2024-03-31,2024-03-31,0,0-30 Days
P035,2024-04-01,5758.0,Wipro Pvt Ltd,110.0,5758.0,Wipro,110.0,5758.0,633380.0,633380.0,0.0,2024-04-30,2024-04-30,0,0-30 Days
P035,2024-05-01,6213.0,Wipro Pvt Ltd,110.0,6213.0,Wipro,110.0,6213.0,683430.0,683430.0,0.0,2024-05-31,2024-05-31,0,0-30 Days
P035,2024-06-01,5197.0,Wipro Pvt Ltd,110.0,5197.0,Wipro,110.0,5197.0,571670.0,571670.0,0.0,2024-06-30,2024-06-30,0,0-30 Days
P035,2024-07-01,5466.0,Wipro Pvt Ltd,110.0,0.0,0,0.0,0.0,601260.0,0.0,601260.0,2024-07-31,2024-07-31,15,0-30 Days
P035,2024-08-01,6212.0,Wipro Pvt Ltd,110.0,6212.0,Wipro,110.0,6212.0,683320.0,683320.0,0.0,2024-08-31,2024-08-31,0,0-30 Days
P035,2024-09-01,5014.0,Wipro Pvt Ltd,110.0,5014.0,Wipro,110.0,5014.0,551540.0,551540.0,0.0,2024-09-30,2024-09-30,0,0-30 Days
P035,2024-10-01,6380.0,Wipro Pvt Ltd,110.0,6380.0,Wipro,110.0,6380.0,701800.0,701800.0,0.0,2024-10-31,2024-10-31,0,0-30 Days
P035,2024-11-01,6480.0,Wipro Pvt Ltd,110.0,6480.0,Wipro,110.0,6480.0,712800.0,712800.0,0.0,2024-11-30,2024-11-30,0,0-30 Days
P035,2024-12-01,4776.0,Wipro Pvt Ltd,110.0,4776.0,Wipro,110.0,4776.0,525360.0,525360.0,0.0,2024-12-31,2024-12-31,0,0-30 Days
P036,2024-01-01,4719.0,Infosys Ltd,133.0,4719.0,Infosys,133.0,4719.0,627627.0,627627.0,0.0,2024-01-31,2024-01-31,0,0-30 Days
P036,2024-02-01,5468.0,Infosys Ltd,133.0,0.0,0,0.0,0.0,727244.0,0.0,727244.0,2024-02-29,2024-02-29,15,0-30 Days
P036,2024-03-01,8886.0,Infosys Ltd,133.0,5468.0,Infosys,133.0,5468.0,1181838.0,727244.0,454594.0,2024-03-31,2024-03-31,75,60+ Days
P036,2024-03-01,8886.0,Infosys Ltd,133.0,8886.0,Infosys,133.0,8000.0,1181838.0,1064000.0,117838.0,2024-03-31,2024-03-31,75,60+ Days
P036,2024-04-01,3736.0,Infosys Ltd,133.0,3736.0,Infosys,133.0,3736.0,496888.0,496888.0,0.0,2024-04-30,2024-04-30,0,0-30 Days
P036,2024-05-01,5202.0,Infosys Ltd,133.0,5202.0,Infosys,133.0,5202.0,691866.0,691866.0,0.0,2024-05-31,2024-05-31,0,0-30 Days
P036,2024-06-01,5495.0,Infosys Ltd,133.0,0.0,0,0.0,0.0,730835.0,0.0,730835.0,2024-06-30,2024-06-30,45,31-60 Days
P036,2024-07-01,6245.0,Infosys Ltd,133.0,5495.0,Infosys,133.0,5495.0,830585.0,730835.0,99750.0,2024-07-31,2024-07-31,15,0-30 Days
P036,2024-07-01,6245.0,Infosys Ltd,133.0,6245.0,Infosys,133.0,6245.0,830585.0,830585.0,0.0,2024-07-31,2024-07-31,0,0-30 Days
P036,2024-08-01,3857.0,Infosys Ltd,133.0,0.0,0,0.0,0.0,512981.0,0.0,512981.0,2024-08-31,2024-08-31,45,31-60 Days
P036,2024-09-01,4942.0,Infosys Ltd,133.0,3857.0,Infosys,133.0,3857.0,657286.0,512981.0,144305.0,2024-09-30,2024-09-30,45,31-60 Days
P036,2024-09-01,4942.0,Infosys Ltd,133.0,4942.0,Infosys,133.0,4942.0,657286.0,657286.0,0.0,2024-09-30,2024-09-30,0,0-30 Days
P036,2024-10-01,4342.0,Infosys Ltd,133.0,4342.0,Infosys,133.0,4342.0,577486.0,577486.0,0.0,2024-10-31,2024-10-31,0,0-30 Days
P036,2024-11-01,4287.0,Infosys Ltd,133.0,4287.0,Infosys,133.0,4287.0,570171.0,570171.0,0.0,2024-11-30,2024-11-30,0,0-30 Days
P036,2024-12-01,6502.0,Infosys Ltd,133.0,6502.0,Infosys,133.0,6502.0,864766.0,864766.0,0.0,2024-12-31,2024-12-31,0,0-30 Days
P036,2024-12-01,6502.0,Infosys Ltd,133.0,4687.0,Wipro,122.0,4687.0,864766.0,623371.0,241395.0,2024-12-31,2024-12-31,15,0-30 Days
P037,2024-01-01,3582.0,Accenture India,117.0,3582.0,Accenture India,117.0,3582.0,419094.0,419094.0,0.0,2024-01-31,2024-01-31,0,0-30 Days
P037,2024-02-01,5223.0,Accenture India,117.0,5223.0,Accenture India,117.0,5223.0,611091.0,611091.0,0.0,2024-02-29,2024-02-29,0,0-30 Days
P037,2024-03-01,4021.0,Accenture India,117.0,4021.0,Accenture India,117.0,4021.0,470457.0,470457.0,0.0,2024-03-31,2024-03-31,0,0-30 Days
P037,2024-04-01,3647.0,Accenture India,117.0,3647.0,Accenture India,117.0,3647.0,426699.0,426699.0,0.0,2024-04-30,2024-04-30,0,0-30 Days
P037,2024-05-01,4315.0,Accenture India,117.0,4315.0,Accenture India,117.0,4315.0,504855.0,504855.0,0.0,2024-05-31,2024-05-31,0,0-30 Days
P037,2024-06-01,5752.0,Accenture India,117.0,5752.0,Accenture India,117.0,5752.0,672984.0,672984.0,0.0,2024-06-30,2024-06-30,0,0-30 Days
P037,2024-07-01,3869.0,Accenture India,117.0,3869.0,Accenture India,117.0,3869.0,452673.0,452673.0,0.0,2024-07-31,2024-07-31,0,0-30 Days
P037,2024-08-01,4946.0,Accenture India,117.0,4946.0,Accenture India,117.0,4946.0,578682.0,578682.0,0.0,2024-08-31,2024-08-31,0,0-30 Days
P037,2024-09-01,5875.0,Accenture India,117.0,5875.0,Accenture India,117.0,5875.0,687375.0,687375.0,0.0,2024-09-30,2024-09-30,0,0-30 Days
P037,2024-10-01,6698.0,Accenture India,117.0,6698.0,Accenture India,117.0,6698.0,783666.0,783666.0,0.0,2024-10-31,2024-10-31,0,0-30 Days
P037,2024-11-01,5949.0,Accenture India,117.0,5949.0,Accenture India,117.0,5949.0,696033.0,696033.0,0.0,2024-11-30,2024-11-30,0,0-30 Days
P037,2024-12-01,5642.0,Accenture India,117.0,0.0,0,0.0,0.0,660114.0,0.0,660114.0,2024-12-31,2024-12-31,15,0-30 Days
P037,2025-01-01,0.0,0,0.0,5642.0,Accenture India,117.0,5642.0,0.0,0.0,0.0,2025-01-31,2025-01-31,0,0-30 Days
P038,2024-01-01,7278.0,Infosys Ltd,105.0,7278.0,Infosys,105.0,7278.0,764190.0,764190.0,0.0,2024-01-31,2024-01-31,0,0-30 Days
P038,2024-02-01,5034.0,Infosys Ltd,105.0,5034.0,Infosys,105.0,5034.0,528570.0,528570.0,0.0,2024-02-29,2024-02-29,0,0-30 Days
P038,2024-03-01,4009.0,Infosys Ltd,105.0,4009.0,Infosys,105.0,4009.0,420945.0,420945.0,0.0,2024-03-31,2024-03-31,0,0-30 Days
P038,2024-04-01,4637.0,Infosys Ltd,105.0,4637.0,Infosys,105.0,4637.0,486885.0,486885.0,0.0,2024-04-30,2024-04-30,0,0-30 Days
P038,2024-05-01,5581.0,Infosys Ltd,105.0,5581.0,Infosys,105.0,5581.0,586005.0,586005.0,0.0,2024-05-31,2024-05-31,0,0-30 Days
P038,2024-06-01,5140.0,Infosys Ltd,105.0,5140.0,Infosys,105.0,5140.0,539700.0,539700.0,0.0,2024-06-30,2024-06-30,0,0-30 Days
P038,2024-07-01,4143.0,Infosys Ltd,105.0,4143.0,Infosys,105.0,4143.0,435015.0,435015.0,0.0,2024-07-31,2024-07-31,0,0-30 Days
P038,2024-08-01,4002.0,Infosys Ltd,105.0,0.0,0,0.0,0.0,420210.0,0.0,420210.0,2024-08-31,2024-08-31,15,0-30 Days
P038,2024-09-01,4703.0,Infosys Ltd,105.0,4002.0,Infosys,105.0,4002.0,493815.0,420210.0,73605.0,2024-09-30,2024-09-30,15,0-30 Days
P038,2024-09-01,4703.0,Infosys Ltd,105.0,4703.0,Infosys,105.0,4703.0,493815.0,493815.0,0.0,2024-09-30,2024-09-30,0,0-30 Days
P038,2024-10-01,5918.0,Infosys Ltd,105.0,5918.0,Infosys,105.0,5918.0,621390.0,621390.0,0.0,2024-10-31,2024-10-31,0,0-30 Days
P038,2024-11-01,5334.0,Infosys Ltd,105.0,5334.0,Infosys,105.0,5334.0,560070.0,560070.0,0.0,2024-11-30,2024-11-30,0,0-30 Days
P038,2024-12-01,6006.0,Infosys Ltd,105.0,6006.0,Infosys,105.0,6006.0,630630.0,630630.0,0.0,2024-12-31,2024-12-31,0,0-30 Days
P039,2024-01-01,3586.0,NTT Data,94.0,3586.0,NTT Ltd,94.0,3586.0,337084.0,337084.0,0.0,2024-01-31,2024-01-31,0,0-30 Days
P039,2024-02-01,6562.0,NTT Data,94.0,0.0,0,0.0,0.0,616828.0,0.0,616828.0,2024-02-29,2024-02-29,45,31-60 Days
P039,2024-03-01,4621.0,NTT Data,94.0,6562.0,NTT Ltd,94.0,6562.0,434374.0,616828.0,-182454.0,2024-03-31,2024-03-31,0,0-30 Days
P039,2024-03-01,4621.0,NTT Data,94.0,4621.0,NTT Ltd,94.0,4621.0,434374.0,434374.0,0.0,2024-03-31,2024-03-31,0,0-30 Days
P039,2024-04-01,5987.0,NTT Data,94.0,0.0,0,0.0,0.0,562778.0,0.0,562778.0,2024-04-30,2024-04-30,15,0-30 Days
P039,2024-05-01,4542.0,NTT Data,94.0,0.0,0,0.0,0.0,426948.0,0.0,426948.0,2024-05-31,2024-05-31,75,60+ Days
P039,2024-06-01,6008.0,NTT Data,94.0,4542.0,NTT Ltd,94.0,4542.0,564752.0,426948.0,137804.0,2024-06-30,2024-06-30,15,0-30 Days
P039,2024-06-01,6008.0,NTT Data,94.0,6008.0,NTT Ltd,94.0,6008.0,564752.0,564752.0,0.0,2024-06-30,2024-06-30,0,0-30 Days
P039,2024-07-01,4894.0,NTT Data,94.0,4894.0,NTT Ltd,94.0,4894.0,460036.0,460036.0,0.0,2024-07-31,2024-07-31,0,0-30 Days
P039,2024-08-01,4724.0,NTT Data,94.0,4724.0,NTT Ltd,94.0,4724.0,444056.0,444056.0,0.0,2024-08-31,2024-08-31,0,0-30 Days
P039,2024-09-01,4603.0,NTT Data,94.0,4603.0,NTT Ltd,94.0,4603.0,432682.0,432682.0,0.0,2024-09-30,2024-09-30,0,0-30 Days
P039,2024-10-01,5720.0,NTT Data,94.0,5720.0,NTT Ltd,94.0,5720.0,537680.0,537680.0,0.0,2024-10-31,2024-10-31,0,0-30 Days
P039,2024-11-01,5074.0,NTT Data,94.0,5074.0,NTT Ltd,94.0,5074.0,476956.0,476956.0,0.0,2024-11-30,2024-11-30,0,0-30 Days
P039,2024-12-01,7131.0,NTT Data,94.0,0.0,0,0.0,0.0,670314.0,0.0,670314.0,2024-12-31,2024-12-31,15,0-30 Days
P040,2024-01-01,4993.0,NTT Data,116.0,4993.0,NTT Ltd,116.0,4993.0,579188.0,579188.0,0.0,2024-01-31,2024-01-31,0,0-30 Days
P040,2024-02-01,3795.0,NTT Data,116.0,3795.0,NTT Ltd,116.0,3795.0,440220.0,440220.0,0.0,2024-02-29,2024-02-29,0,0-30 Days
P040,2024-03-01,5229.0,NTT Data,116.0,5069.0,Accenture India,110.0,5069.0,606564.0,588004.0,18560.0,2024-03-31,2024-03-31,45,31-60 Days
P040,2024-03-01,5229.0,NTT Data,116.0,5229.0,NTT Ltd,116.0,5229.0,606564.0,606564.0,0.0,2024-03-31,2024-03-31,0,0-30 Days
P040,2024-04-01,4486.0,NTT Data,116.0,4486.0,NTT Ltd,116.0,4486.0,520376.0,520376.0,0.0,2024-04-30,2024-04-30,0,0-30 Days
P040,2024-05-01,6762.0,NTT Data,116.0,6762.0,NTT Ltd,116.0,6762.0,784392.0,784392.0,0.0,2024-05-31,2024-05-31,0,0-30 Days
P040,2024-06-01,6429.0,NTT Data,116.0,0.0,0,0.0,0.0,745764.0,0.0,745764.0,2024-06-30,2024-06-30,75,60+ Days
P040,2024-07-01,6627.0,NTT Data,116.0,6429.0,NTT Ltd,116.0,6429.0,768732.0,745764.0,22968.0,2024-07-31,2024-07-31,45,31-60 Days
P040,2024-07-01,6627.0,NTT Data,116.0,6627.0,NTT Ltd,116.0,6627.0,768732.0,768732.0,0.0,2024-07-31,2024-07-31,0,0-30 Days
P040,2024-07-01,6627.0,NTT Data,116.0,4430.0,Wipro,145.0,4430.0,768732.0,513880.0,254852.0,2024-07-31,2024-07-31,75,60+ Days
P040,2024-08-01,4608.0,NTT Data,116.0,4608.0,NTT Ltd,116.0,4608.0,534528.0,534528.0,0.0,2024-08-31,2024-08-31,0,0-30 Days
P040,2024-09-01,4447.0,NTT Data,116.0,4447.0,NTT Ltd,116.0,4447.0,515852.0,515852.0,0.0,2024-09-30,2024-09-30,0,0-30 Days
P040,2024-10-01,5128.0,NTT Data,116.0,5128.0,NTT Ltd,116.0,5128.0,594848.0,594848.0,0.0,2024-10-31,2024-10-31,0,0-30 Days
P040,2024-11-01,5384.0,NTT Data,116.0,0.0,0,0.0,0.0,624544.0,0.0,624544.0,2024-11-30,2024-11-30,45,31-60 Days
P040,2024-12-01,6914.0,NTT Data,116.0,5374.0,NTT Ltd,97.0,5374.0,802024.0,623384.0,178640.0,2024-12-31,2024-12-31,15,0-30 Days
P040,2024-12-01,6914.0,NTT Data,116.0,5384.0,NTT Ltd,116.0,5384.0,802024.0,624544.0,177480.0,2024-12-31,2024-12-31,15,0-30 Days
P040,2024-12-01,6914.0,NTT Data,116.0,6914.0,NTT Ltd,116.0,6914.0,802024.0,802024.0,0.0,2024-12-31,2024-12-31,0,0-30 Days
P041,2024-01-01,4517.0,Wipro Pvt Ltd,134.0,4517.0,Wipro,134.0,4517.0,605278.0,605278.0,0.0,2024-01-31,2024-01-31,0,0-30 Days
P041,2024-02-01,4013.0,Wipro Pvt Ltd,134.0,4013.0,Wipro,134.0,4013.0,537742.0,537742.0,0.0,2024-02-29,2024-02-29,0,0-30 Days
P041,2024-03-01,4436.0,Wipro Pvt Ltd,134.0,4436.0,Wipro,134.0,4436.0,594424.0,594424.0,0.0,2024-03-31,2024-03-31,0,0-30 Days
P041,2024-04-01,5787.0,Wipro Pvt Ltd,134.0,5787.0,Wipro,134.0,5787.0,775458.0,775458.0,0.0,2024-04-30,2024-04-30,0,0-30 Days
P041,2024-05-01,4721.0,Wipro Pvt Ltd,134.0,4721.0,Wipro,134.0,4721.0,632614.0,632614.0,0.0,2024-05-31,2024-05-31,0,0-30 Days
P041,2024-06-01,6119.0,Wipro Pvt Ltd,134.0,0.0,0,0.0,0.0,819946.0,0.0,819946.0,2024-06-30,2024-06-30,15,0-30 Days
P041,2024-07-01,4868.0,Wipro Pvt Ltd,134.0,0.0,0,0.0,0.0,652312.0,0.0,652312.0,2024-07-31,2024-07-31,45,31-60 Days
P041,2024-08-01,4190.0,Wipro Pvt Ltd,134.0,4868.0,Wipro,134.0,4868.0,561460.0,652312.0,-90852.0,2024-08-31,2024-08-31,0,0-30 Days
P041,2024-08-01,4190.0,Wipro Pvt Ltd,134.0,4190.0,Wipro,134.0,4190.0,561460.0,561460.0,0.0,2024-08-31,2024-08-31,0,0-30 Days
P041,2024-09-01,5182.0,Wipro Pvt Ltd,134.0,5182.0,Wipro,134.0,5182.0,694388.0,694388.0,0.0,2024-09-30,2024-09-30,0,0-30 Days
P041,2024-10-01,5528.0,Wipro Pvt Ltd,134.0,0.0,0,0.0,0.0,740752.0,0.0,740752.0,2024-10-31,2024-10-31,75,60+ Days
P041,2024-11-01,3919.0,Wipro Pvt Ltd,134.0,5528.0,Wipro,134.0,5528.0,525146.0,740752.0,-215606.0,2024-11-30,2024-11-30,0,0-30 Days
P041,2024-11-01,3919.0,Wipro Pvt Ltd,134.0,3919.0,Wipro,134.0,3919.0,525146.0,525146.0,0.0,2024-11-30,2024-11-30,0,0-30 Days
P041,2024-12-01,5976.0,Wipro Pvt Ltd,134.0,5976.0,Wipro,134.0,5976.0,800784.0,800784.0,0.0,2024-12-31,2024-12-31,0,0-30 Days
P042,2024-01-01,4260.0,Infosys Ltd,95.0,4260.0,Infosys,95.0,4260.0,404700.0,404700.0,0.0,2024-01-31,2024-01-31,0,0-30 Days
P042,2024-02-01,5999.0,Infosys Ltd,95.0,5999.0,Infosys,95.0,5999.0,569905.0,569905.0,0.0,2024-02-29,2024-02-29,0,0-30 Days
P042,2024-03-01,4913.0,Infosys Ltd,95.0,4913.0,Infosys,95.0,4913.0,466735.0,466735.0,0.0,2024-03-31,2024-03-31,0,0-30 Days
P042,2024-04-01,5476.0,Infosys Ltd,95.0,5476.0,Infosys,95.0,5476.0,520220.0,520220.0,0.0,2024-04-30,2024-04-30,0,0-30 Days
P042,2024-05-01,4353.0,Infosys Ltd,95.0,4353.0,Infosys,95.0,4353.0,413535.0,413535.0,0.0,2024-05-31,2024-05-31,0,0-30 Days
P042,2024-06-01,5612.0,Infosys Ltd,95.0,5612.0,Infosys,95.0,5612.0,533140.0,533140.0,0.0,2024-06-30,2024-06-30,0,0-30 Days
P042,2024-07-01,6468.0,Infosys Ltd,95.0,6468.0,Infosys,95.0,6468.0,614460.0,614460.0,0.0,2024-07-31,2024-07-31,0,0-30 Days
P042,2024-08-01,5255.0,Infosys Ltd,95.0,5255.0,Infosys,95.0,5255.0,499225.0,499225.0,0.0,2024-08-31,2024-08-31,0,0-30 Days
P042,2024-09-01,5430.0,Infosys Ltd,95.0,5430.0,Infosys,95.0,5430.0,515850.0,515850.0,0.0,2024-09-30,2024-09-30,0,0-30 Days
P042,2024-10-01,5909.0,Infosys Ltd,95.0,5909.0,Infosys,95.0,5909.0,561355.0,561355.0,0.0,2024-10-31,2024-10-31,0,0-30 Days
P042,2024-11-01,4745.0,Infosys Ltd,95.0,4745.0,Infosys,95.0,4745.0,450775.0,450775.0,0.0,2024-11-30,2024-11-30,0,0-30 Days
P042,2024-12-01,5437.0,Infosys Ltd,95.0,5437.0,Infosys,95.0,5437.0,516515.0,516515.0,0.0,2024-12-31,2024-12-31,0,0-30 Days
P043,2024-01-01,6094.0,Wipro Pvt Ltd,145.0,6094.0,Wipro,145.0,6094.0,883630.0,883630.0,0.0,2024-01-31,2024-01-31,0,0-30 Days
P043,2024-02-01,6940.0,Wipro Pvt Ltd,145.0,6940.0,Wipro,145.0,6940.0,1006300.0,1006300.0,0.0,2024-02-29,2024-02-29,0,0-30 Days
P043,2024-03-01,5959.0,Wipro Pvt Ltd,145.0,5959.0,Wipro,145.0,5959.0,864055.0,864055.0,0.0,2024-03-31,2024-03-31,0,0-30 Days
P043,2024-04-01,4536.0,Wipro Pvt Ltd,145.0,0.0,0,0.0,0.0,657720.0,0.0,657720.0,2024-04-30,2024-04-30,75,60+ Days
P043,2024-05-01,5872.0,Wipro Pvt Ltd,145.0,4536.0,Wipro,145.0,4536.0,851440.0,657720.0,193720.0,2024-05-31,2024-05-31,15,0-30 Days
P043,2024-05-01,5872.0,Wipro Pvt Ltd,145.0,5872.0,Wipro,145.0,5872.0,851440.0,851440.0,0.0,2024-05-31,2024-05-31,0,0-30 Days
P043,2024-06-01,5959.0,Wipro Pvt Ltd,145.0,0.0,0,0.0,0.0,864055.0,0.0,864055.0,2024-06-30,2024-06-30,45,31-60 Days
P043,2024-07-01,4430.0,Wipro Pvt Ltd,145.0,5959.0,Wipro,145.0,5959.0,642350.0,864055.0,-221705.0,2024-07-31,2024-07-31,0,0-30 Days
P043,2024-08-01,5592.0,Wipro Pvt Ltd,145.0,5592.0,Wipro,145.0,5592.0,810840.0,810840.0,0.0,2024-08-31,2024-08-31,0,0-30 Days
P043,2024-09-01,5738.0,Wipro Pvt Ltd,145.0,5738.0,Wipro,145.0,5738.0,832010.0,832010.0,0.0,2024-09-30,2024-09-30,0,0-30 Days
P043,2024-10-01,5054.0,Wipro Pvt Ltd,145.0,5054.0,Wipro,145.0,5054.0,732830.0,732830.0,0.0,2024-10-31,2024-10-31,0,0-30 Days
P043,2024-11-01,5726.0,Wipro Pvt Ltd,145.0,5726.0,Wipro,145.0,5726.0,830270.0,830270.0,0.0,2024-11-30,2024-11-30,0,0-30 Days
P043,2024-12-01,3952.0,Wipro Pvt Ltd,145.0,3952.0,Wipro,145.0,3952.0,573040.0,573040.0,0.0,2024-12-31,2024-12-31,0,0-30 Days
P044,2024-01-01,5433.0,Wipro Pvt Ltd,122.0,5433.0,Wipro,122.0,5433.0,662826.0,662826.0,0.0,2024-01-31,2024-01-31,0,0-30 Days
P044,2024-02-01,4674.0,Wipro Pvt Ltd,122.0,4674.0,Wipro,122.0,4674.0,570228.0,570228.0,0.0,2024-02-29,2024-02-29,0,0-30 Days
P044,2024-03-01,4233.0,Wipro Pvt Ltd,122.0,5775.0,NTT Ltd,126.0,5775.0,516426.0,704550.0,-188124.0,2024-03-31,2024-03-31,0,0-30 Days
P044,2024-03-01,4233.0,Wipro Pvt Ltd,122.0,4233.0,Wipro,122.0,4233.0,516426.0,516426.0,0.0,2024-03-31,2024-03-31,0,0-30 Days
P044,2024-04-01,6901.0,Wipro Pvt Ltd,122.0,6901.0,Wipro,122.0,6901.0,841922.0,841922.0,0.0,2024-04-30,2024-04-30,0,0-30 Days
P044,2024-05-01,7273.0,Wipro Pvt Ltd,122.0,7273.0,Wipro,122.0,7273.0,887306.0,887306.0,0.0,2024-05-31,2024-05-31,0,0-30 Days
P044,2024-06-01,6681.0,Wipro Pvt Ltd,122.0,6681.0,Wipro,122.0,6681.0,815082.0,815082.0,0.0,2024-06-30,2024-06-30,0,0-30 Days
P044,2024-07-01,4226.0,Wipro Pvt Ltd,122.0,4226.0,Wipro,122.0,4226.0,515572.0,515572.0,0.0,2024-07-31,2024-07-31,0,0-30 Days
P044,2024-08-01,5177.0,Wipro Pvt Ltd,122.0,6289.0,Accenture India,128.0,6289.0,631594.0,767258.0,-135664.0,2024-08-31,2024-08-31,0,0-30 Days
P044,2024-08-01,5177.0,Wipro Pvt Ltd,122.0,5177.0,Wipro,122.0,5177.0,631594.0,631594.0,0.0,2024-08-31,2024-08-31,0,0-30 Days
P044,2024-09-01,5902.0,Wipro Pvt Ltd,122.0,5902.0,Wipro,122.0,5902.0,720044.0,720044.0,0.0,2024-09-30,2024-09-30,0,0-30 Days
P044,2024-10-01,4647.0,Wipro Pvt Ltd,122.0,0.0,0,0.0,0.0,566934.0,0.0,566934.0,2024-10-31,2024-10-31,75,60+ Days
P044,2024-11-01,4687.0,Wipro Pvt Ltd,122.0,0.0,0,0.0,0.0,571814.0,0.0,571814.0,2024-11-30,2024-11-30,15,0-30 Days
P044,2024-12-01,3722.0,Wipro Pvt Ltd,122.0,3722.0,Wipro,122.0,3722.0,454084.0,454084.0,0.0,2024-12-31,2024-12-31,0,0-30 Days
P045,2024-01-01,4977.0,Accenture India,99.0,4977.0,Accenture India,99.0,4977.0,492723.0,492723.0,0.0,2024-01-31,2024-01-31,0,0-30 Days
P045,2024-02-01,4150.0,Accenture India,99.0,4150.0,Accenture India,99.0,4150.0,410850.0,410850.0,0.0,2024-02-29,2024-02-29,0,0-30 Days
P045,2024-03-01,5679.0,Accenture India,99.0,5679.0,Accenture India,99.0,5679.0,562221.0,562221.0,0.0,2024-03-31,2024-03-31,0,0-30 Days
P045,2024-04-01,5318.0,Accenture India,99.0,5318.0,Accenture India,99.0,5318.0,526482.0,526482.0,0.0,2024-04-30,2024-04-30,0,0-30 Days
P045,2024-05-01,5304.0,Accenture India,99.0,5304.0,Accenture India,99.0,5304.0,525096.0,525096.0,0.0,2024-05-31,2024-05-31,0,0-30 Days
P045,2024-06-01,6839.0,Accenture India,99.0,6839.0,Accenture India,99.0,6839.0,677061.0,677061.0,0.0,2024-06-30,2024-06-30,0,0-30 Days
P045,2024-07-01,4548.0,Accenture India,99.0,4548.0,Accenture India,99.0,4548.0,450252.0,450252.0,0.0,2024-07-31,2024-07-31,0,0-30 Days
P045,2024-08-01,4552.0,Accenture India,99.0,4552.0,Accenture India,99.0,4552.0,450648.0,450648.0,0.0,2024-08-31,2024-08-31,0,0-30 Days
P045,2024-09-01,5442.0,Accenture India,99.0,5442.0,Accenture India,99.0,5442.0,538758.0,538758.0,0.0,2024-09-30,2024-09-30,0,0-30 Days
P045,2024-10-01,4251.0,Accenture India,99.0,4251.0,Accenture India,99.0,4251.0,420849.0,420849.0,0.0,2024-10-31,2024-10-31,0,0-30 Days
P045,2024-11-01,5038.0,Accenture India,99.0,0.0,0,0.0,0.0,498762.0,0.0,498762.0,2024-11-30,2024-11-30,15,0-30 Days
P045,2024-12-01,5500.0,Accenture India,99.0,5038.0,Accenture India,99.0,5038.0,544500.0,498762.0,45738.0,2024-12-31,2024-12-31,45,31-60 Days
P045,2024-12-01,5500.0,Accenture India,99.0,5500.0,Accenture India,99.0,5500.0,544500.0,544500.0,0.0,2024-12-31,2024-12-31,0,0-30 Days
P046,2024-01-01,5629.0,Accenture India,151.0,5629.0,Accenture India,151.0,5629.0,849979.0,849979.0,0.0,2024-01-31,2024-01-31,0,0-30 Days
P046,2024-02-01,5245.0,Accenture India,151.0,5245.0,Accenture India,151.0,5245.0,791995.0,791995.0,0.0,2024-02-29,2024-02-29,0,0-30 Days
P046,2024-03-01,3250.0,Accenture India,151.0,0.0,0,0.0,0.0,490750.0,0.0,490750.0,2024-03-31,2024-03-31,15,0-30 Days
P046,2024-04-01,5098.0,Accenture India,151.0,3250.0,Accenture India,151.0,3250.0,769798.0,490750.0,279048.0,2024-04-30,2024-04-30,15,0-30 Days
P046,2024-05-01,5651.0,Accenture India,151.0,5098.0,Accenture India,151.0,5098.0,853301.0,769798.0,83503.0,2024-05-31,2024-05-31,15,0-30 Days
P046,2024-05-01,5651.0,Accenture India,151.0,5651.0,Accenture India,151.0,5651.0,853301.0,853301.0,0.0,2024-05-31,2024-05-31,0,0-30 Days
P046,2024-06-01,5014.0,Accenture India,151.0,6119.0,Wipro,134.0,6119.0,757114.0,923969.0,-166855.0,2024-06-30,2024-06-30,0,0-30 Days
P046,2024-06-01,5014.0,Accenture India,151.0,5014.0,Accenture India,151.0,5014.0,757114.0,757114.0,0.0,2024-06-30,2024-06-30,0,0-30 Days
P046,2024-07-01,4887.0,Accenture India,151.0,4820.0,NTT Ltd,97.0,4820.0,737937.0,727820.0,10117.0,2024-07-31,2024-07-31,15,0-30 Days
P046,2024-07-01,4887.0,Accenture India,151.0,4887.0,Accenture India,151.0,4887.0,737937.0,737937.0,0.0,2024-07-31,2024-07-31,0,0-30 Days
P046,2024-08-01,6089.0,Accenture India,151.0,6089.0,Accenture India,151.0,6089.0,919439.0,919439.0,0.0,2024-08-31,2024-08-31,0,0-30 Days
P046,2024-09-01,4960.0,Accenture India,151.0,4960.0,Accenture India,151.0,4960.0,748960.0,748960.0,0.0,2024-09-30,2024-09-30,0,0-30 Days
P046,2024-10-01,4757.0,Accenture India,151.0,4757.0,Accenture India,151.0,4757.0,718307.0,718307.0,0.0,2024-10-31,2024-10-31,0,0-30 Days
P046,2024-11-01,5299.0,Accenture India,151.0,5299.0,Accenture India,151.0,5299.0,800149.0,800149.0,0.0,2024-11-30,2024-11-30,0,0-30 Days
P046,2024-12-01,6166.0,Accenture India,151.0,6166.0,Accenture India,151.0,6166.0,931066.0,931066.0,0.0,2024-12-31,2024-12-31,0,0-30 Days
P047,2024-01-01,4905.0,NTT Data,112.0,4905.0,NTT Ltd,112.0,4905.0,549360.0,549360.0,0.0,2024-01-31,2024-01-31,0,0-30 Days
P047,2024-02-01,6675.0,NTT Data,112.0,6675.0,NTT Ltd,112.0,6675.0,747600.0,747600.0,0.0,2024-02-29,2024-02-29,0,0-30 Days
P047,2024-03-01,5274.0,NTT Data,112.0,0.0,0,0.0,0.0,590688.0,0.0,590688.0,2024-03-31,2024-03-31,45,31-60 Days
P047,2024-04-01,5831.0,NTT Data,112.0,5987.0,NTT Ltd,94.0,5987.0,653072.0,670544.0,-17472.0,2024-04-30,2024-04-30,0,0-30 Days
P047,2024-04-01,5831.0,NTT Data,112.0,5274.0,NTT Ltd,112.0,5274.0,653072.0,590688.0,62384.0,2024-04-30,2024-04-30,45,31-60 Days
P047,2024-04-01,5831.0,NTT Data,112.0,5831.0,NTT Ltd,112.0,5831.0,653072.0,653072.0,0.0,2024-04-30,2024-04-30,0,0-30 Days
P047,2024-05-01,4468.0,NTT Data,112.0,4468.0,NTT Ltd,112.0,4468.0,500416.0,500416.0,0.0,2024-05-31,2024-05-31,0,0-30 Days
P047,2024-06-01,5353.0,NTT Data,112.0,5353.0,NTT Ltd,112.0,5353.0,599536.0,599536.0,0.0,2024-06-30,2024-06-30,0,0-30 Days
P047,2024-07-01,4408.0,NTT Data,112.0,4408.0,NTT Ltd,112.0,4408.0,493696.0,493696.0,0.0,2024-07-31,2024-07-31,0,0-30 Days
P047,2024-08-01,5437.0,NTT Data,112.0,5437.0,NTT Ltd,112.0,5437.0,608944.0,608944.0,0.0,2024-08-31,2024-08-31,0,0-30 Days
P047,2024-09-01,4446.0,NTT Data,112.0,4446.0,NTT Ltd,112.0,4446.0,497952.0,497952.0,0.0,2024-09-30,2024-09-30,0,0-30 Days
P047,2024-10-01,6611.0,NTT Data,112.0,6611.0,NTT Ltd,112.0,6611.0,740432.0,740432.0,0.0,2024-10-31,2024-10-31,0,0-30 Days
P047,2024-11-01,5498.0,NTT Data,112.0,5498.0,NTT Ltd,112.0,5498.0,615776.0,615776.0,0.0,2024-11-30,2024-11-30,0,0-30 Days
P047,2024-12-01,5435.0,NTT Data,112.0,5435.0,NTT Ltd,112.0,5435.0,608720.0,608720.0,0.0,2024-12-31,2024-12-31,0,0-30 Days
P048,2024-01-01,5175.0,Accenture India,137.0,5175.0,Accenture India,137.0,5175.0,708975.0,708975.0,0.0,2024-01-31,2024-01-31,0,0-30 Days
P048,2024-02-01,5220.0,Accenture India,137.0,5220.0,Accenture India,137.0,5220.0,715140.0,715140.0,0.0,2024-02-29,2024-02-29,0,0-30 Days
P048,2024-03-01,4250.0,Accenture India,137.0,6615.0,NTT Ltd,97.0,6615.0,582250.0,906255.0,-324005.0,2024-03-31,2024-03-31,0,0-30 Days
P048,2024-03-01,4250.0,Accenture India,137.0,4250.0,Accenture India,137.0,4250.0,582250.0,582250.0,0.0,2024-03-31,2024-03-31,0,0-30 Days
P048,2024-04-01,6505.0,Accenture India,137.0,0.0,0,0.0,0.0,891185.0,0.0,891185.0,2024-04-30,2024-04-30,45,31-60 Days
P048,2024-05-01,5471.0,Accenture India,137.0,6505.0,Accenture India,137.0,6505.0,749527.0,891185.0,-141658.0,2024-05-31,2024-05-31,0,0-30 Days
P048,2024-05-01,5471.0,Accenture India,137.0,5471.0,Accenture India,137.0,5471.0,749527.0,749527.0,0.0,2024-05-31,2024-05-31,0,0-30 Days
P048,2024-06-01,4907.0,Accenture India,137.0,4907.0,Accenture India,137.0,4907.0,672259.0,672259.0,0.0,2024-06-30,2024-06-30,0,0-30 Days
P048,2024-07-01,4330.0,Accenture India,137.0,4330.0,Accenture India,137.0,4330.0,593210.0,593210.0,0.0,2024-07-31,2024-07-31,0,0-30 Days
P048,2024-08-01,4117.0,Accenture India,137.0,4117.0,Accenture India,137.0,4117.0,564029.0,564029.0,0.0,2024-08-31,2024-08-31,0,0-30 Days
P048,2024-09-01,4231.0,Accenture India,137.0,0.0,0,0.0,0.0,579647.0,0.0,579647.0,2024-09-30,2024-09-30,75,60+ Days
P048,2024-10-01,7103.0,Accenture India,137.0,4231.0,Accenture India,137.0,4231.0,973111.0,579647.0,393464.0,2024-10-31,2024-10-31,75,60+ Days
P048,2024-10-01,7103.0,Accenture India,137.0,7103.0,Accenture India,137.0,7103.0,973111.0,973111.0,0.0,2024-10-31,2024-10-31,0,0-30 Days
P048,2024-11-01,5478.0,Accenture India,137.0,5478.0,Accenture India,137.0,5478.0,750486.0,750486.0,0.0,2024-11-30,2024-11-30,0,0-30 Days
P048,2024-12-01,7196.0,Accenture India,137.0,7196.0,Accenture India,137.0,7196.0,985852.0,985852.0,0.0,2024-12-31,2024-12-31,0,0-30 Days
P049,2024-01-01,5223.0,Infosys Ltd,156.0,5223.0,Infosys,156.0,5223.0,814788.0,814788.0,0.0,2024-01-31,2024-01-31,0,0-30 Days
P049,2024-02-01,4874.0,Infosys Ltd,156.0,4874.0,Infosys,156.0,4874.0,760344.0,760344.0,0.0,2024-02-29,2024-02-29,0,0-30 Days
P049,2024-03-01,4641.0,Infosys Ltd,156.0,0.0,0,0.0,0.0,723996.0,0.0,723996.0,2024-03-31,2024-03-31,45,31-60 Days
P049,2024-04-01,4850.0,Infosys Ltd,156.0,4641.0,Infosys,156.0,4641.0,756600.0,723996.0,32604.0,2024-04-30,2024-04-30,75,60+ Days
P049,2024-04-01,4850.0,Infosys Ltd,156.0,4850.0,Infosys,156.0,4850.0,756600.0,756600.0,0.0,2024-04-30,2024-04-30,0,0-30 Days
P049,2024-05-01,4552.0,Infosys Ltd,156.0,4552.0,Infosys,156.0,4552.0,710112.0,710112.0,0.0,2024-05-31,2024-05-31,0,0-30 Days
P049,2024-06-01,5858.0,Infosys Ltd,156.0,5858.0,Infosys,156.0,5858.0,913848.0,913848.0,0.0,2024-06-30,2024-06-30,0,0-30 Days
P049,2024-07-01,4530.0,Infosys Ltd,156.0,0.0,0,0.0,0.0,706680.0,0.0,706680.0,2024-07-31,2024-07-31,15,0-30 Days
P049,2024-08-01,6809.0,Infosys Ltd,156.0,4530.0,Infosys,156.0,4530.0,1062204.0,706680.0,355524.0,2024-08-31,2024-08-31,75,60+ Days
P049,2024-08-01,6809.0,Infosys Ltd,156.0,6809.0,Infosys,156.0,6809.0,1062204.0,1062204.0,0.0,2024-08-31,2024-08-31,0,0-30 Days
P049,2024-09-01,4916.0,Infosys Ltd,156.0,4916.0,Infosys,156.0,4916.0,766896.0,766896.0,0.0,2024-09-30,2024-09-30,0,0-30 Days
P049,2024-10-01,3219.0,Infosys Ltd,156.0,3219.0,Infosys,156.0,3219.0,502164.0,502164.0,0.0,2024-10-31,2024-10-31,0,0-30 Days
P049,2024-11-01,6779.0,Infosys Ltd,156.0,6779.0,Infosys,156.0,6779.0,1057524.0,1057524.0,0.0,2024-11-30,2024-11-30,0,0-30 Days
P049,2024-12-01,4548.0,Infosys Ltd,156.0,4548.0,Infosys,156.0,4548.0,709488.0,709488.0,0.0,2024-12-31,2024-12-31,0,0-30 Days
P050,2024-01-01,5843.0,Accenture India,140.0,5843.0,Accenture India,140.0,5843.0,818020.0,818020.0,0.0,2024-01-31,2024-01-31,0,0-30 Days
P050,2024-02-01,6732.0,Accenture India,140.0,6732.0,Accenture India,140.0,6732.0,942480.0,942480.0,0.0,2024-02-29,2024-02-29,0,0-30 Days
P050,2024-03-01,3203.0,Accenture India,140.0,3203.0,Accenture India,140.0,3203.0,448420.0,448420.0,0.0,2024-03-31,2024-03-31,0,0-30 Days
P050,2024-04-01,5030.0,Accenture India,140.0,5030.0,Accenture India,140.0,5030.0,704200.0,704200.0,0.0,2024-04-30,2024-04-30,0,0-30 Days
P050,2024-05-01,4884.0,Accenture India,140.0,0.0,0,0.0,0.0,683760.0,0.0,683760.0,2024-05-31,2024-05-31,15,0-30 Days
P050,2024-06-01,4660.0,Accenture India,140.0,4884.0,Accenture India,140.0,4884.0,652400.0,683760.0,-31360.0,2024-06-30,2024-06-30,0,0-30 Days
P050,2024-06-01,4660.0,Accenture India,140.0,4660.0,Accenture India,140.0,4660.0,652400.0,652400.0,0.0,2024-06-30,2024-06-30,0,0-30 Days
P050,2024-07-01,5175.0,Accenture India,140.0,5175.0,Accenture India,140.0,5175.0,724500.0,724500.0,0.0,2024-07-31,2024-07-31,0,0-30 Days
P050,2024-08-01,4989.0,Accenture India,140.0,4989.0,Accenture India,140.0,4989.0,698460.0,698460.0,0.0,2024-08-31,2024-08-31,0,0-30 Days
P050,2024-09-01,4775.0,Accenture India,140.0,4775.0,Accenture India,140.0,4775.0,668500.0,668500.0,0.0,2024-09-30,2024-09-30,0,0-30 Days
P050,2024-10-01,3972.0,Accenture India,140.0,3972.0,Accenture India,140.0,3972.0,556080.0,556080.0,0.0,2024-10-31,2024-10-31,0,0-30 Days
P050,2024-11-01,6273.0,Accenture India,140.0,6273.0,Accenture India,140.0,6273.0,878220.0,878220.0,0.0,2024-11-30,2024-11-30,0,0-30 Days
P050,2024-12-01,5121.0,Accenture India,140.0,5121.0,Accenture India,140.0,5121.0,716940.0,716940.0,0.0,2024-12-31,2024-12-31,0,0-30 Days
